"タイトル","説明","品物番号","定価","note",
"舞台演出用　天井埋込型　LED（白色）　客席ダウンライト　浅型10H・広角タイプ・光源遮光角30度　調光タイプ（ライコン別売）／埋込穴φ150　CDM-R70形1灯器具相当　LED 350形","LED（白色）　<br>色温度：4000 K　<br>光源寿命40000時間（光束維持率85％）<br>埋込穴径：φ150 mm　<br>埋込高：95 mm<br>質量：1 kg<br>器具光束：3975 lm　<br>電圧：100～242 V　<br>消費電力：27.4 W　<br>消費効率：145 lm/W<br>【反射板（上部）】プラスチック（ホワイト）<br>【反射板（下部）】アルミ（銀色鏡面仕上）<br>調光方式：PWM（PC）<br>天井埋込型、埋込穴φ150、浅型10H・広角タイプ・光源遮光角30度<br>Ra85<br>【適合調光器（別売）】ライトマネージャーFx NQ28861K<br>【適合調光器（別売）】ライトマネージャーFx NQ28841K<br>【適合調光器（別売）】信号線式ライコンNQ21505<br>【適合調光器（別売）】信号線式ライコンNQ21502<br>【適合調光装置（別売）】調光ユニットパネル<br>【適合調光装置（別売）】FDUシリーズ壁据置型調光装置<br>【適合調光装置（別売）】WDUシリーズ壁付型調光装置<br>【適合調光装置（別売）】DMX-PWM信号変換器NNQ72380K<br>【適合調光装置（別売）】DMX-PWM信号変換器NNQ72340K<br>【適合調光装置（別売）】DMX-PWM信号変換器NNQ72385<br>【適合調光装置（別売）】DMX-PWM信号変換器NNQ72345<br>【適合リニューアルプレート（別売）】埋込穴φ175用NNN80005K<br>【適合リニューアルプレート（別売）】埋込穴φ200用NNN80006K<br>【適合リニューアルプレート（別売）】埋込穴φ250用NNN80007<br>【適合リニューアルプレート（別売）】埋込穴φ300用NNN80008<br>埋込型<br>広角タイプ<br>●天井面取付専用<br>調光範囲（0～100％）<br>注）直下近接限度30cm<br>注）適合調光器・適合調光装置と組み合わせてご使用ください。（別売）<br>注）信号線式ライコンNQ21505、NQ21502のツマミで消灯させる場合は、切替スイッチを「3」に設定してください。<br>注）ライトコントロールNQ21506でも調光可能ですが、消灯操作はライトコントロールの電源スイッチで行ってください。<br>注）断熱施工仕様ではありません。<br>注）LEDにはバラツキがあるため、同一品番商品でも商品ごとに発光色、明るさが異なる場合があります。<br>","NNQ35438K LD9","84700","受注品",
"舞台演出用　天井埋込型　LED（白色）　客席ダウンライト　浅型10H・拡散タイプ・光源遮光角30度　調光タイプ（ライコン別売）／埋込穴φ150　CDM-R70形1灯器具相当　LED 350形","LED（白色）　<br>色温度：4000 K　<br>光源寿命40000時間（光束維持率85％）<br>埋込穴径：φ150 mm　<br>埋込高：95 mm<br>質量：1 kg<br>器具光束：3890 lm　<br>電圧：100～242 V　<br>消費電力：27.4 W　<br>消費効率：141.9 lm/W<br>【反射板（上部）】プラスチック（ホワイト）<br>調光方式：PWM（PC）<br>天井埋込型、埋込穴φ150、浅型10H・拡散タイプ・光源遮光角30度<br>Ra85<br>【適合調光器（別売）】ライトマネージャーFx NQ28861K<br>【適合調光器（別売）】ライトマネージャーFx NQ28841K<br>【適合調光器（別売）】信号線式ライコンNQ21505<br>【適合調光器（別売）】信号線式ライコンNQ21502<br>【適合調光装置（別売）】調光ユニットパネル<br>【適合調光装置（別売）】FDUシリーズ壁据置型調光装置<br>【適合調光装置（別売）】WDUシリーズ壁付型調光装置<br>【適合調光装置（別売）】DMX-PWM信号変換器NNQ72380K<br>【適合調光装置（別売）】DMX-PWM信号変換器NNQ72340K<br>【適合調光装置（別売）】DMX-PWM信号変換器NNQ72385<br>【適合調光装置（別売）】DMX-PWM信号変換器NNQ72345<br>【適合リニューアルプレート（別売）】埋込穴φ175用NNN80005K<br>【適合リニューアルプレート（別売）】埋込穴φ200用NNN80006K<br>【適合リニューアルプレート（別売）】埋込穴φ250用NNN80007<br>【適合リニューアルプレート（別売）】埋込穴φ300用NNN80008<br>埋込型<br>拡散タイプ<br>●天井面取付専用<br>調光範囲（0～100％）<br>注）直下近接限度30cm<br>注）適合調光器・適合調光装置と組み合わせてご使用ください。（別売）<br>注）信号線式ライコンNQ21505、NQ21502のツマミで消灯させる場合は、切替スイッチを「3」に設定してください。<br>注）ライトコントロールNQ21506でも調光可能ですが、消灯操作はライトコントロールの電源スイッチで行ってください。<br>注）断熱施工仕様ではありません。<br>注）LEDにはバラツキがあるため、同一品番商品でも商品ごとに発光色、明るさが異なる場合があります。<br>","NNQ35439K LD9","84700","受注品",
"舞台演出用　天井埋込型　LED（電球色）　客席ダウンライト　浅型10H・広角タイプ・光源遮光角30度　調光タイプ（ライコン別売）／埋込穴φ150　CDM-R70形1灯器具相当　LED 350形","LED（電球色）　<br>色温度：3000 K　<br>光源寿命40000時間（光束維持率85％）<br>埋込穴径：φ150 mm　<br>埋込高：95 mm<br>質量：1 kg<br>器具光束：3790 lm　<br>電圧：100～242 V　<br>消費電力：27.4 W　<br>消費効率：138.3 lm/W<br>【反射板（上部）】プラスチック（ホワイト）<br>【反射板（下部）】アルミ（銀色鏡面仕上）<br>調光方式：PWM（PC）<br>天井埋込型、埋込穴φ150、浅型10H・広角タイプ・光源遮光角30度<br>Ra85<br>【適合調光器（別売）】ライトマネージャーFx NQ28861K<br>【適合調光器（別売）】ライトマネージャーFx NQ28841K<br>【適合調光器（別売）】信号線式ライコンNQ21505<br>【適合調光器（別売）】信号線式ライコンNQ21502<br>【適合調光装置（別売）】調光ユニットパネル<br>【適合調光装置（別売）】FDUシリーズ壁据置型調光装置<br>【適合調光装置（別売）】WDUシリーズ壁付型調光装置<br>【適合調光装置（別売）】DMX-PWM信号変換器NNQ72380K<br>【適合調光装置（別売）】DMX-PWM信号変換器NNQ72340K<br>【適合調光装置（別売）】DMX-PWM信号変換器NNQ72385<br>【適合調光装置（別売）】DMX-PWM信号変換器NNQ72345<br>【適合リニューアルプレート（別売）】埋込穴φ175用NNN80005K<br>【適合リニューアルプレート（別売）】埋込穴φ200用NNN80006K<br>【適合リニューアルプレート（別売）】埋込穴φ250用NNN80007<br>【適合リニューアルプレート（別売）】埋込穴φ300用NNN80008<br>埋込型<br>広角タイプ<br>●天井面取付専用<br>調光範囲（0～100％）<br>注）直下近接限度30cm<br>注）適合調光器・適合調光装置と組み合わせてご使用ください。（別売）<br>注）信号線式ライコンNQ21505、NQ21502のツマミで消灯させる場合は、切替スイッチを「3」に設定してください。<br>注）ライトコントロールNQ21506でも調光可能ですが、消灯操作はライトコントロールの電源スイッチで行ってください。<br>注）断熱施工仕様ではありません。<br>注）LEDにはバラツキがあるため、同一品番商品でも商品ごとに発光色、明るさが異なる場合があります。<br>","NNQ35434K LD9","84700","",
"舞台演出用　天井埋込型　LED（電球色）　客席ダウンライト　浅型10H・拡散タイプ・光源遮光角30度　調光タイプ（ライコン別売）／埋込穴φ150　CDM-R70形1灯器具相当　LED 350形","LED（電球色）　<br>色温度：3000 K　<br>光源寿命40000時間（光束維持率85％）<br>埋込穴径：φ150 mm　<br>埋込高：95 mm<br>質量：1 kg<br>器具光束：3710 lm　<br>電圧：100～242 V　<br>消費電力：27.4 W　<br>消費効率：135.4 lm/W<br>【反射板（上部）】プラスチック（ホワイト）<br>調光方式：PWM（PC）<br>天井埋込型、埋込穴φ150、浅型10H・拡散タイプ・光源遮光角30度<br>Ra85<br>【適合調光器（別売）】ライトマネージャーFx NQ28861K<br>【適合調光器（別売）】ライトマネージャーFx NQ28841K<br>【適合調光器（別売）】信号線式ライコンNQ21505<br>【適合調光器（別売）】信号線式ライコンNQ21502<br>【適合調光装置（別売）】調光ユニットパネル<br>【適合調光装置（別売）】FDUシリーズ壁据置型調光装置<br>【適合調光装置（別売）】WDUシリーズ壁付型調光装置<br>【適合調光装置（別売）】DMX-PWM信号変換器NNQ72380K<br>【適合調光装置（別売）】DMX-PWM信号変換器NNQ72340K<br>【適合調光装置（別売）】DMX-PWM信号変換器NNQ72385<br>【適合調光装置（別売）】DMX-PWM信号変換器NNQ72345<br>【適合リニューアルプレート（別売）】埋込穴φ175用NNN80005K<br>【適合リニューアルプレート（別売）】埋込穴φ200用NNN80006K<br>【適合リニューアルプレート（別売）】埋込穴φ250用NNN80007<br>【適合リニューアルプレート（別売）】埋込穴φ300用NNN80008<br>埋込型<br>拡散タイプ<br>●天井面取付専用<br>調光範囲（0～100％）<br>注）直下近接限度30cm<br>注）適合調光器・適合調光装置と組み合わせてご使用ください。（別売）<br>注）信号線式ライコンNQ21505、NQ21502のツマミで消灯させる場合は、切替スイッチを「3」に設定してください。<br>注）ライトコントロールNQ21506でも調光可能ですが、消灯操作はライトコントロールの電源スイッチで行ってください。<br>注）断熱施工仕様ではありません。<br>注）LEDにはバラツキがあるため、同一品番商品でも商品ごとに発光色、明るさが異なる場合があります。<br>","NNQ35435K LD9","84700","",
"舞台演出用　天井埋込型　LED（白色）　客席ダウンライト　浅型10H・広角タイプ・光源遮光角30度　調光タイプ（ライコン別売）／埋込穴φ100　コンパクト形蛍光灯FDL27形1灯器具相当　LED 100形","LED（白色）　<br>色温度：4000 K　<br>光源寿命40000時間（光束維持率85％）<br>埋込穴径：φ100 mm　<br>埋込高：80 mm<br>質量：0.6 kg<br>器具光束：1000 lm　<br>電圧：100～242 V　<br>消費電力：7.4 W　<br>消費効率：135.1 lm/W<br>【反射板（上部）】プラスチック（ホワイト）<br>【反射板（下部）】アルミ（銀色鏡面仕上）<br>調光方式：PWM（PC）<br>天井埋込型、埋込穴φ100、浅型10H・広角タイプ・光源遮光角30度<br>Ra85<br>【適合調光器（別売）】ライトマネージャーFx NQ28861K<br>【適合調光器（別売）】ライトマネージャーFx NQ28841K<br>【適合調光器（別売）】信号線式ライコンNQ21505<br>【適合調光器（別売）】信号線式ライコンNQ21502<br>【適合調光装置（別売）】調光ユニットパネル<br>【適合調光装置（別売）】FDUシリーズ壁据置型調光装置<br>【適合調光装置（別売）】WDUシリーズ壁付型調光装置<br>【適合調光装置（別売）】DMX-PWM信号変換器NNQ72380K<br>【適合調光装置（別売）】DMX-PWM信号変換器NNQ72340K<br>【適合調光装置（別売）】DMX-PWM信号変換器NNQ72385<br>【適合調光装置（別売）】DMX-PWM信号変換器NNQ72345<br>【適合リニューアルプレート（別売）】埋込穴φ125用NNN80000Z<br>【適合リニューアルプレート（別売）】埋込穴φ150用NNN80003Z<br>埋込型<br>広角タイプ<br>●天井面取付専用<br>調光範囲（0～100％）<br>注）直下近接限度30cm<br>注）適合調光器・適合調光装置と組み合わせてご使用ください。（別売）<br>注）信号線式ライコンNQ21505、NQ21502のツマミで消灯させる場合は、切替スイッチを「3」に設定してください。<br>注）ライトコントロールNQ21506でも調光可能ですが、消灯操作はライトコントロールの電源スイッチで行ってください。<br>注）施工時、埋込高さは100mm以上必要となります。<br>注）断熱施工仕様ではありません。<br>注）LEDにはバラツキがあるため、同一品番商品でも商品ごとに発光色、明るさが異なる場合があります。<br>","NNQ35418K LD9","31900","受注品",
"舞台演出用　天井埋込型　LED（白色）　客席ダウンライト　浅型10H・拡散タイプ・光源遮光角30度　調光タイプ（ライコン別売）／埋込穴φ100　コンパクト形蛍光灯FDL27形1灯器具相当　LED 100形","LED（白色）　<br>色温度：4000 K　<br>光源寿命40000時間（光束維持率85％）<br>埋込穴径：φ100 mm　<br>埋込高：80 mm<br>質量：0.6 kg<br>器具光束：985 lm　<br>電圧：100～242 V　<br>消費電力：7.4 W　<br>消費効率：133.1 lm/W<br>【反射板（上部）】プラスチック（ホワイト）<br>調光方式：PWM（PC）<br>天井埋込型、埋込穴φ100、浅型10H・拡散タイプ・光源遮光角30度<br>Ra85<br>【適合調光器（別売）】ライトマネージャーFx NQ28861K<br>【適合調光器（別売）】ライトマネージャーFx NQ28841K<br>【適合調光器（別売）】信号線式ライコンNQ21505<br>【適合調光器（別売）】信号線式ライコンNQ21502<br>【適合調光装置（別売）】調光ユニットパネル<br>【適合調光装置（別売）】FDUシリーズ壁据置型調光装置<br>【適合調光装置（別売）】WDUシリーズ壁付型調光装置<br>【適合調光装置（別売）】DMX-PWM信号変換器NNQ72380K<br>【適合調光装置（別売）】DMX-PWM信号変換器NNQ72340K<br>【適合調光装置（別売）】DMX-PWM信号変換器NNQ72385<br>【適合調光装置（別売）】DMX-PWM信号変換器NNQ72345<br>【適合リニューアルプレート（別売）】埋込穴φ125用NNN80000Z<br>【適合リニューアルプレート（別売）】埋込穴φ150用NNN80003Z<br>埋込型<br>拡散タイプ<br>●天井面取付専用<br>調光範囲（0～100％）<br>注）直下近接限度30cm<br>注）適合調光器・適合調光装置と組み合わせてご使用ください。（別売）<br>注）信号線式ライコンNQ21505、NQ21502のツマミで消灯させる場合は、切替スイッチを「3」に設定してください。<br>注）ライトコントロールNQ21506でも調光可能ですが、消灯操作はライトコントロールの電源スイッチで行ってください。<br>注）施工時、埋込高さは100mm以上必要となります。<br>注）断熱施工仕様ではありません。<br>注）LEDにはバラツキがあるため、同一品番商品でも商品ごとに発光色、明るさが異なる場合があります。<br>","NNQ35419K LD9","31900","受注品",
"舞台演出用　天井埋込型　LED（白色）　客席ダウンライト　浅型10H・広角タイプ・光源遮光角30度　調光タイプ（ライコン別売）／埋込穴φ100　コンパクト形蛍光灯FHT32形1灯器具相当　LED 150形","LED（白色）　<br>色温度：4000 K　<br>光源寿命40000時間（光束維持率85％）<br>埋込穴径：φ100 mm　<br>埋込高：80 mm<br>質量：0.6 kg<br>器具光束：1620 lm　<br>電圧：100～242 V　<br>消費電力：12.4 W　<br>消費効率：130.6 lm/W<br>【反射板（上部）】プラスチック（ホワイト）<br>【反射板（下部）】アルミ（銀色鏡面仕上）<br>調光方式：PWM（PC）<br>天井埋込型、埋込穴φ100、浅型10H・広角タイプ・光源遮光角30度<br>Ra85<br>【適合調光器（別売）】ライトマネージャーFx NQ28861K<br>【適合調光器（別売）】ライトマネージャーFx NQ28841K<br>【適合調光器（別売）】信号線式ライコンNQ21505<br>【適合調光器（別売）】信号線式ライコンNQ21502<br>【適合調光装置（別売）】調光ユニットパネル<br>【適合調光装置（別売）】FDUシリーズ壁据置型調光装置<br>【適合調光装置（別売）】WDUシリーズ壁付型調光装置<br>【適合調光装置（別売）】DMX-PWM信号変換器NNQ72380K<br>【適合調光装置（別売）】DMX-PWM信号変換器NNQ72340K<br>【適合調光装置（別売）】DMX-PWM信号変換器NNQ72385<br>【適合調光装置（別売）】DMX-PWM信号変換器NNQ72345<br>【適合リニューアルプレート（別売）】埋込穴φ125用NNN80000Z<br>【適合リニューアルプレート（別売）】埋込穴φ150用NNN80003Z<br>埋込型<br>広角タイプ<br>●天井面取付専用<br>調光範囲（0～100％）<br>注）直下近接限度30cm<br>注）適合調光器・適合調光装置と組み合わせてご使用ください。（別売）<br>注）信号線式ライコンNQ21505、NQ21502のツマミで消灯させる場合は、切替スイッチを「3」に設定してください。<br>注）ライトコントロールNQ21506でも調光可能ですが、消灯操作はライトコントロールの電源スイッチで行ってください。<br>注）施工時、埋込高さは100mm以上必要となります。<br>注）断熱施工仕様ではありません。<br>注）LEDにはバラツキがあるため、同一品番商品でも商品ごとに発光色、明るさが異なる場合があります。<br>","NNQ35498K LD9","37400","受注品",
"舞台演出用　天井埋込型　LED（白色）　客席ダウンライト　広角タイプ・光源遮光角30度　調光タイプ（ライコン別売）／埋込穴φ200　セラメタ150形1灯器具相当　LED 1000形","LED（白色）　<br>色温度：4000 K　<br>光源寿命40000時間（光束維持率85％）<br>埋込穴径：φ200 mm　<br>埋込高：217 mm<br>質量：1.6 kg<br>器具光束：9495 lm　<br>電圧：100～242 V　<br>消費電力：73.6 W　<br>消費効率：129 lm/W<br>【反射板（上部）】プラスチック（ホワイト）<br>【反射板（下部）】アルミ（銀色鏡面仕上）<br>調光方式：PWM（PC）<br>天井埋込型、埋込穴φ200、広角タイプ・光源遮光角30度<br>Ra85<br>【適合調光器（別売）】ライトマネージャーFx NQ28861K<br>【適合調光器（別売）】ライトマネージャーFx NQ28841K<br>【適合調光器（別売）】信号線式ライコンNQ21505<br>【適合調光器（別売）】信号線式ライコンNQ21502<br>【適合調光装置（別売）】調光ユニットパネル<br>【適合調光装置（別売）】FDUシリーズ壁据置型調光装置<br>【適合調光装置（別売）】WDUシリーズ壁付型調光装置<br>【適合調光装置（別売）】DMX-PWM信号変換器NNQ72380K<br>【適合調光装置（別売）】DMX-PWM信号変換器NNQ72340K<br>【適合調光装置（別売）】DMX-PWM信号変換器NNQ72385<br>【適合調光装置（別売）】DMX-PWM信号変換器NNQ72345<br>埋込型<br>広角タイプ<br>●天井面取付専用<br>調光範囲（0～100％）<br>注）直下近接限度30cm<br>注）適合調光器・適合調光装置と組み合わせてご使用ください。（別売）<br>注）信号線式ライコンNQ21505、NQ21502のツマミで消灯させる場合は、切替スイッチを「3」に設定してください。<br>注）ライトコントロールNQ21506でも調光可能ですが、消灯操作はライトコントロールの電源スイッチで行ってください。<br>注）断熱施工仕様ではありません。<br>注）LEDにはバラツキがあるため、同一品番商品でも商品ごとに発光色、明るさが異なる場合があります。<br>","NNQ35409K LD9","169000","受注品",
"舞台演出用　天井埋込型　LED（電球色）　客席ダウンライト　浅型10H・広角タイプ・光源遮光角30度　調光タイプ（ライコン別売）／埋込穴φ100　コンパクト形蛍光灯FDL27形1灯器具相当　LED 100形","LED（電球色）　<br>色温度：3000 K　<br>光源寿命40000時間（光束維持率85％）<br>埋込穴径：φ100 mm　<br>埋込高：80 mm<br>質量：0.6 kg<br>器具光束：955 lm　<br>電圧：100～242 V　<br>消費電力：7.4 W　<br>消費効率：129 lm/W<br>【反射板（上部）】プラスチック（ホワイト）<br>【反射板（下部）】アルミ（銀色鏡面仕上）<br>調光方式：PWM（PC）<br>天井埋込型、埋込穴φ100、浅型10H・広角タイプ・光源遮光角30度<br>Ra85<br>【適合調光器（別売）】ライトマネージャーFx NQ28861K<br>【適合調光器（別売）】ライトマネージャーFx NQ28841K<br>【適合調光器（別売）】信号線式ライコンNQ21505<br>【適合調光器（別売）】信号線式ライコンNQ21502<br>【適合調光装置（別売）】調光ユニットパネル<br>【適合調光装置（別売）】FDUシリーズ壁据置型調光装置<br>【適合調光装置（別売）】WDUシリーズ壁付型調光装置<br>【適合調光装置（別売）】DMX-PWM信号変換器NNQ72380K<br>【適合調光装置（別売）】DMX-PWM信号変換器NNQ72340K<br>【適合調光装置（別売）】DMX-PWM信号変換器NNQ72385<br>【適合調光装置（別売）】DMX-PWM信号変換器NNQ72345<br>【適合リニューアルプレート（別売）】埋込穴φ125用NNN80000Z<br>【適合リニューアルプレート（別売）】埋込穴φ150用NNN80003Z<br>埋込型<br>広角タイプ<br>●天井面取付専用<br>調光範囲（0～100％）<br>注）直下近接限度30cm<br>注）適合調光器・適合調光装置と組み合わせてご使用ください。（別売）<br>注）信号線式ライコンNQ21505、NQ21502のツマミで消灯させる場合は、切替スイッチを「3」に設定してください。<br>注）ライトコントロールNQ21506でも調光可能ですが、消灯操作はライトコントロールの電源スイッチで行ってください。<br>注）施工時、埋込高さは100mm以上必要となります。<br>注）断熱施工仕様ではありません。<br>注）LEDにはバラツキがあるため、同一品番商品でも商品ごとに発光色、明るさが異なる場合があります。<br>","NNQ35414K LD9","31900","",
"舞台演出用　天井埋込型　LED（白色）　客席ダウンライト　浅型10H・拡散タイプ・光源遮光角30度　調光タイプ（ライコン別売）／埋込穴φ100　コンパクト形蛍光灯FHT32形1灯器具相当　LED 150形","LED（白色）　<br>色温度：4000 K　<br>光源寿命40000時間（光束維持率85％）<br>埋込穴径：φ100 mm　<br>埋込高：80 mm<br>質量：0.6 kg<br>器具光束：1595 lm　<br>電圧：100～242 V　<br>消費電力：12.4 W　<br>消費効率：128.6 lm/W<br>【反射板（上部）】プラスチック（ホワイト）<br>調光方式：PWM（PC）<br>天井埋込型、埋込穴φ100、浅型10H・拡散タイプ・光源遮光角30度<br>Ra85<br>【適合調光器（別売）】ライトマネージャーFx NQ28861K<br>【適合調光器（別売）】ライトマネージャーFx NQ28841K<br>【適合調光器（別売）】信号線式ライコンNQ21505<br>【適合調光器（別売）】信号線式ライコンNQ21502<br>【適合調光装置（別売）】調光ユニットパネル<br>【適合調光装置（別売）】FDUシリーズ壁据置型調光装置<br>【適合調光装置（別売）】WDUシリーズ壁付型調光装置<br>【適合調光装置（別売）】DMX-PWM信号変換器NNQ72380K<br>【適合調光装置（別売）】DMX-PWM信号変換器NNQ72340K<br>【適合調光装置（別売）】DMX-PWM信号変換器NNQ72385<br>【適合調光装置（別売）】DMX-PWM信号変換器NNQ72345<br>【適合リニューアルプレート（別売）】埋込穴φ125用NNN80000Z<br>【適合リニューアルプレート（別売）】埋込穴φ150用NNN80003Z<br>埋込型<br>拡散タイプ<br>●天井面取付専用<br>調光範囲（0～100％）<br>注）直下近接限度30cm<br>注）適合調光器・適合調光装置と組み合わせてご使用ください。（別売）<br>注）信号線式ライコンNQ21505、NQ21502のツマミで消灯させる場合は、切替スイッチを「3」に設定してください。<br>注）ライトコントロールNQ21506でも調光可能ですが、消灯操作はライトコントロールの電源スイッチで行ってください。<br>注）施工時、埋込高さは100mm以上必要となります。<br>注）断熱施工仕様ではありません。<br>注）LEDにはバラツキがあるため、同一品番商品でも商品ごとに発光色、明るさが異なる場合があります。<br>","NNQ35499K LD9","37400","受注品",
"舞台演出用　天井埋込型　LED（白色）　客席ダウンライト　浅型10H・広角タイプ・光源遮光角30度　調光タイプ（ライコン別売）／埋込穴φ100　コンパクト形蛍光灯FHT42形1灯器具相当　LED 200形","LED（白色）　<br>色温度：4000 K　<br>光源寿命40000時間（光束維持率85％）<br>埋込穴径：φ100 mm　<br>埋込高：80 mm<br>質量：0.6 kg<br>器具光束：1980 lm　<br>電圧：100～242 V　<br>消費電力：15.5 W　<br>消費効率：127.7 lm/W<br>【反射板（上部）】プラスチック（ホワイト）<br>【反射板（下部）】アルミ（銀色鏡面仕上）<br>調光方式：PWM（PC）<br>天井埋込型、埋込穴φ100、浅型10H・広角タイプ・光源遮光角30度<br>Ra85<br>【適合調光器（別売）】ライトマネージャーFx NQ28861K<br>【適合調光器（別売）】ライトマネージャーFx NQ28841K<br>【適合調光器（別売）】信号線式ライコンNQ21505<br>【適合調光器（別売）】信号線式ライコンNQ21502<br>【適合調光装置（別売）】調光ユニットパネル<br>【適合調光装置（別売）】FDUシリーズ壁据置型調光装置<br>【適合調光装置（別売）】WDUシリーズ壁付型調光装置<br>【適合調光装置（別売）】DMX-PWM信号変換器NNQ72380K<br>【適合調光装置（別売）】DMX-PWM信号変換器NNQ72340K<br>【適合調光装置（別売）】DMX-PWM信号変換器NNQ72385<br>【適合調光装置（別売）】DMX-PWM信号変換器NNQ72345<br>【適合リニューアルプレート（別売）】埋込穴φ125用NNN80000Z<br>【適合リニューアルプレート（別売）】埋込穴φ150用NNN80003Z<br>埋込型<br>広角タイプ<br>●天井面取付専用<br>調光範囲（0～100％）<br>注）直下近接限度30cm<br>注）適合調光器・適合調光装置と組み合わせてご使用ください。（別売）<br>注）信号線式ライコンNQ21505、NQ21502のツマミで消灯させる場合は、切替スイッチを「3」に設定してください。<br>注）ライトコントロールNQ21506でも調光可能ですが、消灯操作はライトコントロールの電源スイッチで行ってください。<br>注）施工時、埋込高さは100mm以上必要となります。<br>注）断熱施工仕様ではありません。<br>注）LEDにはバラツキがあるため、同一品番商品でも商品ごとに発光色、明るさが異なる場合があります。<br>","NNQ35428K LD9","51700","受注品",
"舞台演出用　天井埋込型　LED（白色）　客席ダウンライト　広角タイプ・光源遮光角30度　調光タイプ（ライコン別売）／埋込穴φ150　コンパクト形蛍光灯FHT42形3灯器具相当　LED 550形","LED（白色）　<br>色温度：4000 K　<br>光源寿命40000時間（光束維持率85％）<br>埋込穴径：φ150 mm　<br>埋込高：167 mm<br>質量：1.1 kg<br>器具光束：5415 lm　<br>電圧：100～242 V　<br>消費電力：42.5 W　<br>消費効率：127.4 lm/W<br>【反射板（上部）】プラスチック（ホワイト）<br>【反射板（下部）】アルミ（銀色鏡面仕上）<br>調光方式：PWM（PC）<br>天井埋込型、埋込穴φ150、広角タイプ・光源遮光角30度<br>Ra85<br>【適合調光器（別売）】ライトマネージャーFx NQ28861K<br>【適合調光器（別売）】ライトマネージャーFx NQ28841K<br>【適合調光器（別売）】信号線式ライコンNQ21505<br>【適合調光器（別売）】信号線式ライコンNQ21502<br>【適合調光装置（別売）】調光ユニットパネル<br>【適合調光装置（別売）】FDUシリーズ壁据置型調光装置<br>【適合調光装置（別売）】WDUシリーズ壁付型調光装置<br>【適合調光装置（別売）】DMX-PWM信号変換器NNQ72380K<br>【適合調光装置（別売）】DMX-PWM信号変換器NNQ72340K<br>【適合調光装置（別売）】DMX-PWM信号変換器NNQ72385<br>【適合調光装置（別売）】DMX-PWM信号変換器NNQ72345<br>【適合リニューアルプレート（別売）】埋込穴φ175用NNN80005K<br>【適合リニューアルプレート（別売）】埋込穴φ200用NNN80006K<br>【適合リニューアルプレート（別売）】埋込穴φ250用NNN80007<br>【適合リニューアルプレート（別売）】埋込穴φ300用NNN80008<br>埋込型<br>広角タイプ<br>●天井面取付専用<br>調光範囲（0～100％）<br>注）直下近接限度30cm<br>注）適合調光器・適合調光装置と組み合わせてご使用ください。（別売）<br>注）信号線式ライコンNQ21505、NQ21502のツマミで消灯させる場合は、切替スイッチを「3」に設定してください。<br>注）ライトコントロールNQ21506でも調光可能ですが、消灯操作はライトコントロールの電源スイッチで行ってください。<br>注）断熱施工仕様ではありません。<br>注）LEDにはバラツキがあるため、同一品番商品でも商品ごとに発光色、明るさが異なる場合があります。<br>","NNQ35458K LD9","105000","受注品",
"舞台演出用　天井埋込型　LED（電球色）　客席ダウンライト　浅型10H・拡散タイプ・光源遮光角30度　調光タイプ（ライコン別売）／埋込穴φ100　コンパクト形蛍光灯FDL27形1灯器具相当　LED 100形","LED（電球色）　<br>色温度：3000 K　<br>光源寿命40000時間（光束維持率85％）<br>埋込穴径：φ100 mm　<br>埋込高：80 mm<br>質量：0.6 kg<br>器具光束：940 lm　<br>電圧：100～242 V　<br>消費電力：7.4 W　<br>消費効率：127 lm/W<br>【反射板（上部）】プラスチック（ホワイト）<br>調光方式：PWM（PC）<br>天井埋込型、埋込穴φ100、浅型10H・拡散タイプ・光源遮光角30度<br>Ra85<br>【適合調光器（別売）】ライトマネージャーFx NQ28861K<br>【適合調光器（別売）】ライトマネージャーFx NQ28841K<br>【適合調光器（別売）】信号線式ライコンNQ21505<br>【適合調光器（別売）】信号線式ライコンNQ21502<br>【適合調光装置（別売）】調光ユニットパネル<br>【適合調光装置（別売）】FDUシリーズ壁据置型調光装置<br>【適合調光装置（別売）】WDUシリーズ壁付型調光装置<br>【適合調光装置（別売）】DMX-PWM信号変換器NNQ72380K<br>【適合調光装置（別売）】DMX-PWM信号変換器NNQ72340K<br>【適合調光装置（別売）】DMX-PWM信号変換器NNQ72385<br>【適合調光装置（別売）】DMX-PWM信号変換器NNQ72345<br>【適合リニューアルプレート（別売）】埋込穴φ125用NNN80000Z<br>【適合リニューアルプレート（別売）】埋込穴φ150用NNN80003Z<br>埋込型<br>拡散タイプ<br>●天井面取付専用<br>調光範囲（0～100％）<br>注）直下近接限度30cm<br>注）適合調光器・適合調光装置と組み合わせてご使用ください。（別売）<br>注）信号線式ライコンNQ21505、NQ21502のツマミで消灯させる場合は、切替スイッチを「3」に設定してください。<br>注）ライトコントロールNQ21506でも調光可能ですが、消灯操作はライトコントロールの電源スイッチで行ってください。<br>注）施工時、埋込高さは100mm以上必要となります。<br>注）断熱施工仕様ではありません。<br>注）LEDにはバラツキがあるため、同一品番商品でも商品ごとに発光色、明るさが異なる場合があります。<br>","NNQ35415K LD9","31900","",
"舞台演出用　天井埋込型　LED（白色）　客席ダウンライト　広角タイプ・光源遮光角30度　調光タイプ（ライコン別売）／埋込穴φ200　コンパクト形蛍光灯FHT57形3灯器具相当　LED 750形","LED（白色）　<br>色温度：4000 K　<br>光源寿命40000時間（光束維持率85％）<br>埋込穴径：φ200 mm　<br>埋込高：217 mm<br>質量：1.6 kg<br>器具光束：7455 lm　<br>電圧：100～242 V　<br>消費電力：59.1 W　<br>消費効率：126.1 lm/W<br>【反射板（上部）】プラスチック（ホワイト）<br>【反射板（下部）】アルミ（銀色鏡面仕上）<br>調光方式：PWM（PC）<br>天井埋込型、埋込穴φ200、広角タイプ・光源遮光角30度<br>Ra85<br>【適合調光器（別売）】ライトマネージャーFx NQ28861K<br>【適合調光器（別売）】ライトマネージャーFx NQ28841K<br>【適合調光器（別売）】信号線式ライコンNQ21505<br>【適合調光器（別売）】信号線式ライコンNQ21502<br>【適合調光装置（別売）】調光ユニットパネル<br>【適合調光装置（別売）】FDUシリーズ壁据置型調光装置<br>【適合調光装置（別売）】WDUシリーズ壁付型調光装置<br>【適合調光装置（別売）】DMX-PWM信号変換器NNQ72380K<br>【適合調光装置（別売）】DMX-PWM信号変換器NNQ72340K<br>【適合調光装置（別売）】DMX-PWM信号変換器NNQ72385<br>【適合調光装置（別売）】DMX-PWM信号変換器NNQ72345<br>埋込型<br>広角タイプ<br>●天井面取付専用<br>調光範囲（0～100％）<br>注）直下近接限度30cm<br>注）適合調光器・適合調光装置と組み合わせてご使用ください。（別売）<br>注）信号線式ライコンNQ21505、NQ21502のツマミで消灯させる場合は、切替スイッチを「3」に設定してください。<br>注）ライトコントロールNQ21506でも調光可能ですが、消灯操作はライトコントロールの電源スイッチで行ってください。<br>注）断熱施工仕様ではありません。<br>注）LEDにはバラツキがあるため、同一品番商品でも商品ごとに発光色、明るさが異なる場合があります。<br>","NNQ35479K LD9","135000","受注品",
"舞台演出用　天井埋込型　LED（電球色）　客席ダウンライト　広角タイプ・光源遮光角30度　調光タイプ（ライコン別売）／埋込穴φ200　セラメタ150形1灯器具相当　LED 1000形","LED（電球色）　<br>色温度：3000 K　<br>光源寿命40000時間（光束維持率85％）<br>埋込穴径：φ200 mm　<br>埋込高：217 mm<br>質量：1.6 kg<br>器具光束：9260 lm　<br>電圧：100～242 V　<br>消費電力：73.6 W　<br>消費効率：125.8 lm/W<br>【反射板（上部）】プラスチック（ホワイト）<br>【反射板（下部）】アルミ（銀色鏡面仕上）<br>調光方式：PWM（PC）<br>天井埋込型、埋込穴φ200、広角タイプ・光源遮光角30度<br>Ra85<br>【適合調光器（別売）】ライトマネージャーFx NQ28861K<br>【適合調光器（別売）】ライトマネージャーFx NQ28841K<br>【適合調光器（別売）】信号線式ライコンNQ21505<br>【適合調光器（別売）】信号線式ライコンNQ21502<br>【適合調光装置（別売）】調光ユニットパネル<br>【適合調光装置（別売）】FDUシリーズ壁据置型調光装置<br>【適合調光装置（別売）】WDUシリーズ壁付型調光装置<br>【適合調光装置（別売）】DMX-PWM信号変換器NNQ72380K<br>【適合調光装置（別売）】DMX-PWM信号変換器NNQ72340K<br>【適合調光装置（別売）】DMX-PWM信号変換器NNQ72385<br>【適合調光装置（別売）】DMX-PWM信号変換器NNQ72345<br>埋込型<br>広角タイプ<br>●天井面取付専用<br>調光範囲（0～100％）<br>注）直下近接限度30cm<br>注）適合調光器・適合調光装置と組み合わせてご使用ください。（別売）<br>注）信号線式ライコンNQ21505、NQ21502のツマミで消灯させる場合は、切替スイッチを「3」に設定してください。<br>注）ライトコントロールNQ21506でも調光可能ですが、消灯操作はライトコントロールの電源スイッチで行ってください。<br>注）断熱施工仕様ではありません。<br>注）LEDにはバラツキがあるため、同一品番商品でも商品ごとに発光色、明るさが異なる場合があります。<br>","NNQ35405K LD9","169000","",
"舞台演出用　天井埋込型　LED（白色）　客席ダウンライト　浅型10H・拡散タイプ・光源遮光角30度　調光タイプ（ライコン別売）／埋込穴φ100　コンパクト形蛍光灯FHT42形1灯器具相当　LED 200形","LED（白色）　<br>色温度：4000 K　<br>光源寿命40000時間（光束維持率85％）<br>埋込穴径：φ100 mm　<br>埋込高：80 mm<br>質量：0.6 kg<br>器具光束：1950 lm　<br>電圧：100～242 V　<br>消費電力：15.5 W　<br>消費効率：125.8 lm/W<br>【反射板（上部）】プラスチック（ホワイト）<br>調光方式：PWM（PC）<br>天井埋込型、埋込穴φ100、浅型10H・拡散タイプ・光源遮光角30度<br>Ra85<br>【適合調光器（別売）】ライトマネージャーFx NQ28861K<br>【適合調光器（別売）】ライトマネージャーFx NQ28841K<br>【適合調光器（別売）】信号線式ライコンNQ21505<br>【適合調光器（別売）】信号線式ライコンNQ21502<br>【適合調光装置（別売）】調光ユニットパネル<br>【適合調光装置（別売）】FDUシリーズ壁据置型調光装置<br>【適合調光装置（別売）】WDUシリーズ壁付型調光装置<br>【適合調光装置（別売）】DMX-PWM信号変換器NNQ72380K<br>【適合調光装置（別売）】DMX-PWM信号変換器NNQ72340K<br>【適合調光装置（別売）】DMX-PWM信号変換器NNQ72385<br>【適合調光装置（別売）】DMX-PWM信号変換器NNQ72345<br>【適合リニューアルプレート（別売）】埋込穴φ125用NNN80000Z<br>【適合リニューアルプレート（別売）】埋込穴φ150用NNN80003Z<br>埋込型<br>拡散タイプ<br>●天井面取付専用<br>調光範囲（0～100％）<br>注）直下近接限度30cm<br>注）適合調光器・適合調光装置と組み合わせてご使用ください。（別売）<br>注）信号線式ライコンNQ21505、NQ21502のツマミで消灯させる場合は、切替スイッチを「3」に設定してください。<br>注）ライトコントロールNQ21506でも調光可能ですが、消灯操作はライトコントロールの電源スイッチで行ってください。<br>注）施工時、埋込高さは100mm以上必要となります。<br>注）断熱施工仕様ではありません。<br>注）LEDにはバラツキがあるため、同一品番商品でも商品ごとに発光色、明るさが異なる場合があります。<br>","NNQ35429K LD9","51700","受注品",
"舞台演出用　天井埋込型　LED（電球色）　客席ダウンライト　浅型10H・広角タイプ・光源遮光角30度　調光タイプ（ライコン別売）／埋込穴φ100　コンパクト形蛍光灯FHT32形1灯器具相当　LED 150形","LED（電球色）　<br>色温度：3000 K　<br>光源寿命40000時間（光束維持率85％）<br>埋込穴径：φ100 mm　<br>埋込高：80 mm<br>質量：0.6 kg<br>器具光束：1550 lm　<br>電圧：100～242 V　<br>消費電力：12.4 W　<br>消費効率：125 lm/W<br>【反射板（上部）】プラスチック（ホワイト）<br>【反射板（下部）】アルミ（銀色鏡面仕上）<br>調光方式：PWM（PC）<br>天井埋込型、埋込穴φ100、浅型10H・広角タイプ・光源遮光角30度<br>Ra85<br>【適合調光器（別売）】ライトマネージャーFx NQ28861K<br>【適合調光器（別売）】ライトマネージャーFx NQ28841K<br>【適合調光器（別売）】信号線式ライコンNQ21505<br>【適合調光器（別売）】信号線式ライコンNQ21502<br>【適合調光装置（別売）】調光ユニットパネル<br>【適合調光装置（別売）】FDUシリーズ壁据置型調光装置<br>【適合調光装置（別売）】WDUシリーズ壁付型調光装置<br>【適合調光装置（別売）】DMX-PWM信号変換器NNQ72380K<br>【適合調光装置（別売）】DMX-PWM信号変換器NNQ72340K<br>【適合調光装置（別売）】DMX-PWM信号変換器NNQ72385<br>【適合調光装置（別売）】DMX-PWM信号変換器NNQ72345<br>【適合リニューアルプレート（別売）】埋込穴φ125用NNN80000Z<br>【適合リニューアルプレート（別売）】埋込穴φ150用NNN80003Z<br>埋込型<br>広角タイプ<br>●天井面取付専用<br>調光範囲（0～100％）<br>注）直下近接限度30cm<br>注）適合調光器・適合調光装置と組み合わせてご使用ください。（別売）<br>注）信号線式ライコンNQ21505、NQ21502のツマミで消灯させる場合は、切替スイッチを「3」に設定してください。<br>注）ライトコントロールNQ21506でも調光可能ですが、消灯操作はライトコントロールの電源スイッチで行ってください。<br>注）施工時、埋込高さは100mm以上必要となります。<br>注）断熱施工仕様ではありません。<br>注）LEDにはバラツキがあるため、同一品番商品でも商品ごとに発光色、明るさが異なる場合があります。<br>","NNQ35494K LD9","37400","",
"舞台演出用　天井埋込型　LED（白色）　客席ダウンライト　拡散タイプ・光源遮光角30度　調光タイプ（ライコン別売）／埋込穴φ150　コンパクト形蛍光灯FHT42形3灯器具相当　LED 550形","LED（白色）　<br>色温度：4000 K　<br>光源寿命40000時間（光束維持率85％）<br>埋込穴径：φ150 mm　<br>埋込高：167 mm<br>質量：1.1 kg<br>器具光束：5300 lm　<br>電圧：100～242 V　<br>消費電力：42.5 W　<br>消費効率：124.7 lm/W<br>【反射板（上部）】プラスチック（ホワイト）<br>調光方式：PWM（PC）<br>天井埋込型、埋込穴φ150、拡散タイプ・光源遮光角30度<br>Ra85<br>【適合調光器（別売）】ライトマネージャーFx NQ28861K<br>【適合調光器（別売）】ライトマネージャーFx NQ28841K<br>【適合調光器（別売）】信号線式ライコンNQ21505<br>【適合調光器（別売）】信号線式ライコンNQ21502<br>【適合調光装置（別売）】調光ユニットパネル<br>【適合調光装置（別売）】FDUシリーズ壁据置型調光装置<br>【適合調光装置（別売）】WDUシリーズ壁付型調光装置<br>【適合調光装置（別売）】DMX-PWM信号変換器NNQ72380K<br>【適合調光装置（別売）】DMX-PWM信号変換器NNQ72340K<br>【適合調光装置（別売）】DMX-PWM信号変換器NNQ72385<br>【適合調光装置（別売）】DMX-PWM信号変換器NNQ72345<br>【適合リニューアルプレート（別売）】埋込穴φ175用NNN80005K<br>【適合リニューアルプレート（別売）】埋込穴φ200用NNN80006K<br>【適合リニューアルプレート（別売）】埋込穴φ250用NNN80007<br>【適合リニューアルプレート（別売）】埋込穴φ300用NNN80008<br>埋込型<br>拡散タイプ<br>●天井面取付専用<br>調光範囲（0～100％）<br>注）直下近接限度30cm<br>注）適合調光器・適合調光装置と組み合わせてご使用ください。（別売）<br>注）信号線式ライコンNQ21505、NQ21502のツマミで消灯させる場合は、切替スイッチを「3」に設定してください。<br>注）ライトコントロールNQ21506でも調光可能ですが、消灯操作はライトコントロールの電源スイッチで行ってください。<br>注）断熱施工仕様ではありません。<br>注）LEDにはバラツキがあるため、同一品番商品でも商品ごとに発光色、明るさが異なる場合があります。<br>","NNQ35459K LD9","105000","受注品",
"舞台演出用　天井埋込型　LED（白色）　客席ダウンライト　中角タイプ・光源遮光角30度　調光タイプ（ライコン別売）／埋込穴φ200　セラメタ150形1灯器具相当　LED 1000形","LED（白色）　<br>色温度：4000 K　<br>光源寿命40000時間（光束維持率85％）<br>埋込穴径：φ200 mm　<br>埋込高：217 mm<br>質量：1.6 kg<br>器具光束：9135 lm　<br>電圧：100～242 V　<br>消費電力：73.6 W　<br>消費効率：124.1 lm/W<br>【反射板（上部）】プラスチック（ホワイト）<br>【反射板（下部）】アルミ（銀色鏡面仕上）<br>調光方式：PWM（PC）<br>天井埋込型、埋込穴φ200、中角タイプ・光源遮光角30度<br>Ra85<br>【適合調光器（別売）】ライトマネージャーFx NQ28861K<br>【適合調光器（別売）】ライトマネージャーFx NQ28841K<br>【適合調光器（別売）】信号線式ライコンNQ21505<br>【適合調光器（別売）】信号線式ライコンNQ21502<br>【適合調光装置（別売）】調光ユニットパネル<br>【適合調光装置（別売）】FDUシリーズ壁据置型調光装置<br>【適合調光装置（別売）】WDUシリーズ壁付型調光装置<br>【適合調光装置（別売）】DMX-PWM信号変換器NNQ72380K<br>【適合調光装置（別売）】DMX-PWM信号変換器NNQ72340K<br>【適合調光装置（別売）】DMX-PWM信号変換器NNQ72385<br>【適合調光装置（別売）】DMX-PWM信号変換器NNQ72345<br>埋込型<br>中角タイプ<br>●天井面取付専用<br>調光範囲（0～100％）<br>注）直下近接限度30cm<br>注）適合調光器・適合調光装置と組み合わせてご使用ください。（別売）<br>注）信号線式ライコンNQ21505、NQ21502のツマミで消灯させる場合は、切替スイッチを「3」に設定してください。<br>注）ライトコントロールNQ21506でも調光可能ですが、消灯操作はライトコントロールの電源スイッチで行ってください。<br>注）断熱施工仕様ではありません。<br>注）LEDにはバラツキがあるため、同一品番商品でも商品ごとに発光色、明るさが異なる場合があります。<br>","NNQ35408K LD9","169000","受注品",
"舞台演出用　天井埋込型　LED（電球色）　客席ダウンライト　浅型10H・拡散タイプ・光源遮光角30度　調光タイプ（ライコン別売）／埋込穴φ100　コンパクト形蛍光灯FHT32形1灯器具相当　LED 150形","LED（電球色）　<br>色温度：3000 K　<br>光源寿命40000時間（光束維持率85％）<br>埋込穴径：φ100 mm　<br>埋込高：80 mm<br>質量：0.6 kg<br>器具光束：1525 lm　<br>電圧：100～242 V　<br>消費電力：12.4 W　<br>消費効率：122.9 lm/W<br>【反射板（上部）】プラスチック（ホワイト）<br>調光方式：PWM（PC）<br>天井埋込型、埋込穴φ100、浅型10H・拡散タイプ・光源遮光角30度<br>Ra85<br>【適合調光器（別売）】ライトマネージャーFx NQ28861K<br>【適合調光器（別売）】ライトマネージャーFx NQ28841K<br>【適合調光器（別売）】信号線式ライコンNQ21505<br>【適合調光器（別売）】信号線式ライコンNQ21502<br>【適合調光装置（別売）】調光ユニットパネル<br>【適合調光装置（別売）】FDUシリーズ壁据置型調光装置<br>【適合調光装置（別売）】WDUシリーズ壁付型調光装置<br>【適合調光装置（別売）】DMX-PWM信号変換器NNQ72380K<br>【適合調光装置（別売）】DMX-PWM信号変換器NNQ72340K<br>【適合調光装置（別売）】DMX-PWM信号変換器NNQ72385<br>【適合調光装置（別売）】DMX-PWM信号変換器NNQ72345<br>【適合リニューアルプレート（別売）】埋込穴φ125用NNN80000Z<br>【適合リニューアルプレート（別売）】埋込穴φ150用NNN80003Z<br>埋込型<br>拡散タイプ<br>●天井面取付専用<br>調光範囲（0～100％）<br>注）直下近接限度30cm<br>注）適合調光器・適合調光装置と組み合わせてご使用ください。（別売）<br>注）信号線式ライコンNQ21505、NQ21502のツマミで消灯させる場合は、切替スイッチを「3」に設定してください。<br>注）ライトコントロールNQ21506でも調光可能ですが、消灯操作はライトコントロールの電源スイッチで行ってください。<br>注）施工時、埋込高さは100mm以上必要となります。<br>注）断熱施工仕様ではありません。<br>注）LEDにはバラツキがあるため、同一品番商品でも商品ごとに発光色、明るさが異なる場合があります。<br>","NNQ35495K LD9","37400","",
"舞台演出用　天井埋込型　LED（電球色）　客席ダウンライト　浅型10H・広角タイプ・光源遮光角30度　調光タイプ（ライコン別売）／埋込穴φ150　CDM-R70形1灯器具相当　LED 350形","LED（電球色）　<br>色温度：2700 K　<br>光源寿命40000時間（光束維持率85％）<br>埋込穴径：φ150 mm　<br>埋込高：95 mm<br>質量：1 kg<br>器具光束：3360 lm　<br>電圧：100～242 V　<br>消費電力：27.4 W　<br>消費効率：122.6 lm/W<br>【反射板（上部）】プラスチック（ホワイト）<br>【反射板（下部）】アルミ（銀色鏡面仕上）<br>調光方式：PWM（PC）<br>天井埋込型、埋込穴φ150、浅型10H・広角タイプ・光源遮光角30度<br>Ra85<br>【適合調光器（別売）】ライトマネージャーFx NQ28861K<br>【適合調光器（別売）】ライトマネージャーFx NQ28841K<br>【適合調光器（別売）】信号線式ライコンNQ21505<br>【適合調光器（別売）】信号線式ライコンNQ21502<br>【適合調光装置（別売）】調光ユニットパネル<br>【適合調光装置（別売）】FDUシリーズ壁据置型調光装置<br>【適合調光装置（別売）】WDUシリーズ壁付型調光装置<br>【適合調光装置（別売）】DMX-PWM信号変換器NNQ72380K<br>【適合調光装置（別売）】DMX-PWM信号変換器NNQ72340K<br>【適合調光装置（別売）】DMX-PWM信号変換器NNQ72385<br>【適合調光装置（別売）】DMX-PWM信号変換器NNQ72345<br>【適合リニューアルプレート（別売）】埋込穴φ175用NNN80005K<br>【適合リニューアルプレート（別売）】埋込穴φ200用NNN80006K<br>【適合リニューアルプレート（別売）】埋込穴φ250用NNN80007<br>【適合リニューアルプレート（別売）】埋込穴φ300用NNN80008<br>埋込型<br>広角タイプ<br>●天井面取付専用<br>調光範囲（0～100％）<br>注）直下近接限度30cm<br>注）適合調光器・適合調光装置と組み合わせてご使用ください。（別売）<br>注）信号線式ライコンNQ21505、NQ21502のツマミで消灯させる場合は、切替スイッチを「3」に設定してください。<br>注）ライトコントロールNQ21506でも調光可能ですが、消灯操作はライトコントロールの電源スイッチで行ってください。<br>注）断熱施工仕様ではありません。<br>注）LEDにはバラツキがあるため、同一品番商品でも商品ごとに発光色、明るさが異なる場合があります。<br>","NNQ35430K LD9","84700","受注品",
"舞台演出用　天井埋込型　LED（白色）　客席ダウンライト　中角タイプ・光源遮光角30度　調光タイプ（ライコン別売）／埋込穴φ200　コンパクト形蛍光灯FHT57形3灯器具相当　LED 750形","LED（白色）　<br>色温度：4000 K　<br>光源寿命40000時間（光束維持率85％）<br>埋込穴径：φ200 mm　<br>埋込高：217 mm<br>質量：1.6 kg<br>器具光束：7225 lm　<br>電圧：100～242 V　<br>消費電力：59.1 W　<br>消費効率：122.2 lm/W<br>【反射板（上部）】プラスチック（ホワイト）<br>【反射板（下部）】アルミ（銀色鏡面仕上）<br>調光方式：PWM（PC）<br>天井埋込型、埋込穴φ200、中角タイプ・光源遮光角30度<br>Ra85<br>【適合調光器（別売）】ライトマネージャーFx NQ28861K<br>【適合調光器（別売）】ライトマネージャーFx NQ28841K<br>【適合調光器（別売）】信号線式ライコンNQ21505<br>【適合調光器（別売）】信号線式ライコンNQ21502<br>【適合調光装置（別売）】調光ユニットパネル<br>【適合調光装置（別売）】FDUシリーズ壁据置型調光装置<br>【適合調光装置（別売）】WDUシリーズ壁付型調光装置<br>【適合調光装置（別売）】DMX-PWM信号変換器NNQ72380K<br>【適合調光装置（別売）】DMX-PWM信号変換器NNQ72340K<br>【適合調光装置（別売）】DMX-PWM信号変換器NNQ72385<br>【適合調光装置（別売）】DMX-PWM信号変換器NNQ72345<br>埋込型<br>中角タイプ<br>●天井面取付専用<br>調光範囲（0～100％）<br>注）直下近接限度30cm<br>注）適合調光器・適合調光装置と組み合わせてご使用ください。（別売）<br>注）信号線式ライコンNQ21505、NQ21502のツマミで消灯させる場合は、切替スイッチを「3」に設定してください。<br>注）ライトコントロールNQ21506でも調光可能ですが、消灯操作はライトコントロールの電源スイッチで行ってください。<br>注）断熱施工仕様ではありません。<br>注）LEDにはバラツキがあるため、同一品番商品でも商品ごとに発光色、明るさが異なる場合があります。<br>","NNQ35478K LD9","135000","受注品",
"舞台演出用　天井埋込型　LED（電球色）　客席ダウンライト　広角タイプ・光源遮光角30度　調光タイプ（ライコン別売）／埋込穴φ200　コンパクト形蛍光灯FHT57形3灯器具相当　LED 750形","LED（電球色）　<br>色温度：3000 K　<br>光源寿命40000時間（光束維持率85％）<br>埋込穴径：φ200 mm　<br>埋込高：217 mm<br>質量：1.6 kg<br>器具光束：7210 lm　<br>電圧：100～242 V　<br>消費電力：59.1 W　<br>消費効率：121.9 lm/W<br>【反射板（上部）】プラスチック（ホワイト）<br>【反射板（下部）】アルミ（銀色鏡面仕上）<br>調光方式：PWM（PC）<br>天井埋込型、埋込穴φ200、広角タイプ・光源遮光角30度<br>Ra85<br>【適合調光器（別売）】ライトマネージャーFx NQ28861K<br>【適合調光器（別売）】ライトマネージャーFx NQ28841K<br>【適合調光器（別売）】信号線式ライコンNQ21505<br>【適合調光器（別売）】信号線式ライコンNQ21502<br>【適合調光装置（別売）】調光ユニットパネル<br>【適合調光装置（別売）】FDUシリーズ壁据置型調光装置<br>【適合調光装置（別売）】WDUシリーズ壁付型調光装置<br>【適合調光装置（別売）】DMX-PWM信号変換器NNQ72380K<br>【適合調光装置（別売）】DMX-PWM信号変換器NNQ72340K<br>【適合調光装置（別売）】DMX-PWM信号変換器NNQ72385<br>【適合調光装置（別売）】DMX-PWM信号変換器NNQ72345<br>埋込型<br>広角タイプ<br>●天井面取付専用<br>調光範囲（0～100％）<br>注）直下近接限度30cm<br>注）適合調光器・適合調光装置と組み合わせてご使用ください。（別売）<br>注）信号線式ライコンNQ21505、NQ21502のツマミで消灯させる場合は、切替スイッチを「3」に設定してください。<br>注）ライトコントロールNQ21506でも調光可能ですが、消灯操作はライトコントロールの電源スイッチで行ってください。<br>注）断熱施工仕様ではありません。<br>注）LEDにはバラツキがあるため、同一品番商品でも商品ごとに発光色、明るさが異なる場合があります。<br>","NNQ35475K LD9","135000","",
"舞台演出用　天井埋込型　LED（電球色）　客席ダウンライト　浅型10H・広角タイプ・光源遮光角30度　調光タイプ（ライコン別売）／埋込穴φ100　コンパクト形蛍光灯FHT42形1灯器具相当　LED 200形","LED（電球色）　<br>色温度：3000 K　<br>光源寿命40000時間（光束維持率85％）<br>埋込穴径：φ100 mm　<br>埋込高：80 mm<br>質量：0.6 kg<br>器具光束：1890 lm　<br>電圧：100～242 V　<br>消費電力：15.5 W　<br>消費効率：121.9 lm/W<br>【反射板（上部）】プラスチック（ホワイト）<br>【反射板（下部）】アルミ（銀色鏡面仕上）<br>調光方式：PWM（PC）<br>天井埋込型、埋込穴φ100、浅型10H・広角タイプ・光源遮光角30度<br>Ra85<br>【適合調光器（別売）】ライトマネージャーFx NQ28861K<br>【適合調光器（別売）】ライトマネージャーFx NQ28841K<br>【適合調光器（別売）】信号線式ライコンNQ21505<br>【適合調光器（別売）】信号線式ライコンNQ21502<br>【適合調光装置（別売）】調光ユニットパネル<br>【適合調光装置（別売）】FDUシリーズ壁据置型調光装置<br>【適合調光装置（別売）】WDUシリーズ壁付型調光装置<br>【適合調光装置（別売）】DMX-PWM信号変換器NNQ72380K<br>【適合調光装置（別売）】DMX-PWM信号変換器NNQ72340K<br>【適合調光装置（別売）】DMX-PWM信号変換器NNQ72385<br>【適合調光装置（別売）】DMX-PWM信号変換器NNQ72345<br>【適合リニューアルプレート（別売）】埋込穴φ125用NNN80000Z<br>【適合リニューアルプレート（別売）】埋込穴φ150用NNN80003Z<br>埋込型<br>広角タイプ<br>●天井面取付専用<br>調光範囲（0～100％）<br>注）直下近接限度30cm<br>注）適合調光器・適合調光装置と組み合わせてご使用ください。（別売）<br>注）信号線式ライコンNQ21505、NQ21502のツマミで消灯させる場合は、切替スイッチを「3」に設定してください。<br>注）ライトコントロールNQ21506でも調光可能ですが、消灯操作はライトコントロールの電源スイッチで行ってください。<br>注）施工時、埋込高さは100mm以上必要となります。<br>注）断熱施工仕様ではありません。<br>注）LEDにはバラツキがあるため、同一品番商品でも商品ごとに発光色、明るさが異なる場合があります。<br>","NNQ35424K LD9","51700","",
"舞台演出用　天井埋込型　LED（電球色）　客席ダウンライト　浅型10H・広角タイプ・光源遮光角30度　調光タイプ（ライコン別売）／埋込穴φ100　コンパクト形蛍光灯FDL27形1灯器具相当　LED 100形","LED（電球色）　<br>色温度：2700 K　<br>光源寿命40000時間（光束維持率85％）<br>埋込穴径：φ100 mm　<br>埋込高：80 mm<br>質量：0.6 kg<br>器具光束：900 lm　<br>電圧：100～242 V　<br>消費電力：7.4 W　<br>消費効率：121.6 lm/W<br>【反射板（上部）】プラスチック（ホワイト）<br>【反射板（下部）】アルミ（銀色鏡面仕上）<br>調光方式：PWM（PC）<br>天井埋込型、埋込穴φ100、浅型10H・広角タイプ・光源遮光角30度<br>Ra85<br>【適合調光器（別売）】ライトマネージャーFx NQ28861K<br>【適合調光器（別売）】ライトマネージャーFx NQ28841K<br>【適合調光器（別売）】信号線式ライコンNQ21505<br>【適合調光器（別売）】信号線式ライコンNQ21502<br>【適合調光装置（別売）】調光ユニットパネル<br>【適合調光装置（別売）】FDUシリーズ壁据置型調光装置<br>【適合調光装置（別売）】WDUシリーズ壁付型調光装置<br>【適合調光装置（別売）】DMX-PWM信号変換器NNQ72380K<br>【適合調光装置（別売）】DMX-PWM信号変換器NNQ72340K<br>【適合調光装置（別売）】DMX-PWM信号変換器NNQ72385<br>【適合調光装置（別売）】DMX-PWM信号変換器NNQ72345<br>【適合リニューアルプレート（別売）】埋込穴φ125用NNN80000Z<br>【適合リニューアルプレート（別売）】埋込穴φ150用NNN80003Z<br>埋込型<br>広角タイプ<br>●天井面取付専用<br>調光範囲（0～100％）<br>注）直下近接限度30cm<br>注）適合調光器・適合調光装置と組み合わせてご使用ください。（別売）<br>注）信号線式ライコンNQ21505、NQ21502のツマミで消灯させる場合は、切替スイッチを「3」に設定してください。<br>注）ライトコントロールNQ21506でも調光可能ですが、消灯操作はライトコントロールの電源スイッチで行ってください。<br>注）施工時、埋込高さは100mm以上必要となります。<br>注）断熱施工仕様ではありません。<br>注）LEDにはバラツキがあるため、同一品番商品でも商品ごとに発光色、明るさが異なる場合があります。<br>","NNQ35410K LD9","31900","受注品",
"舞台演出用　天井埋込型　LED（電球色）　客席ダウンライト　広角タイプ・光源遮光角30度　調光タイプ（ライコン別売）／埋込穴φ150　コンパクト形蛍光灯FHT42形3灯器具相当　LED 550形","LED（電球色）　<br>色温度：3000 K　<br>光源寿命40000時間（光束維持率85％）<br>埋込穴径：φ150 mm　<br>埋込高：167 mm<br>質量：1.1 kg<br>器具光束：5165 lm　<br>電圧：100～242 V　<br>消費電力：42.5 W　<br>消費効率：121.5 lm/W<br>【反射板（上部）】プラスチック（ホワイト）<br>【反射板（下部）】アルミ（銀色鏡面仕上）<br>調光方式：PWM（PC）<br>天井埋込型、埋込穴φ150、広角タイプ・光源遮光角30度<br>Ra85<br>【適合調光器（別売）】ライトマネージャーFx NQ28861K<br>【適合調光器（別売）】ライトマネージャーFx NQ28841K<br>【適合調光器（別売）】信号線式ライコンNQ21505<br>【適合調光器（別売）】信号線式ライコンNQ21502<br>【適合調光装置（別売）】調光ユニットパネル<br>【適合調光装置（別売）】FDUシリーズ壁据置型調光装置<br>【適合調光装置（別売）】WDUシリーズ壁付型調光装置<br>【適合調光装置（別売）】DMX-PWM信号変換器NNQ72380K<br>【適合調光装置（別売）】DMX-PWM信号変換器NNQ72340K<br>【適合調光装置（別売）】DMX-PWM信号変換器NNQ72385<br>【適合調光装置（別売）】DMX-PWM信号変換器NNQ72345<br>【適合リニューアルプレート（別売）】埋込穴φ175用NNN80005K<br>【適合リニューアルプレート（別売）】埋込穴φ200用NNN80006K<br>【適合リニューアルプレート（別売）】埋込穴φ250用NNN80007<br>【適合リニューアルプレート（別売）】埋込穴φ300用NNN80008<br>埋込型<br>広角タイプ<br>●天井面取付専用<br>調光範囲（0～100％）<br>注）直下近接限度30cm<br>注）適合調光器・適合調光装置と組み合わせてご使用ください。（別売）<br>注）信号線式ライコンNQ21505、NQ21502のツマミで消灯させる場合は、切替スイッチを「3」に設定してください。<br>注）ライトコントロールNQ21506でも調光可能ですが、消灯操作はライトコントロールの電源スイッチで行ってください。<br>注）断熱施工仕様ではありません。<br>注）LEDにはバラツキがあるため、同一品番商品でも商品ごとに発光色、明るさが異なる場合があります。<br>","NNQ35454K LD9","105000","",
"舞台演出用　天井埋込型　LED（電球色）　客席ダウンライト　中角タイプ・光源遮光角30度　調光タイプ（ライコン別売）／埋込穴φ200　セラメタ150形1灯器具相当　LED 1000形","LED（電球色）　<br>色温度：3000 K　<br>光源寿命40000時間（光束維持率85％）<br>埋込穴径：φ200 mm　<br>埋込高：217 mm<br>質量：1.6 kg<br>器具光束：8895 lm　<br>電圧：100～242 V　<br>消費電力：73.6 W　<br>消費効率：120.8 lm/W<br>【反射板（上部）】プラスチック（ホワイト）<br>【反射板（下部）】アルミ（銀色鏡面仕上）<br>調光方式：PWM（PC）<br>天井埋込型、埋込穴φ200、中角タイプ・光源遮光角30度<br>Ra85<br>【適合調光器（別売）】ライトマネージャーFx NQ28861K<br>【適合調光器（別売）】ライトマネージャーFx NQ28841K<br>【適合調光器（別売）】信号線式ライコンNQ21505<br>【適合調光器（別売）】信号線式ライコンNQ21502<br>【適合調光装置（別売）】調光ユニットパネル<br>【適合調光装置（別売）】FDUシリーズ壁据置型調光装置<br>【適合調光装置（別売）】WDUシリーズ壁付型調光装置<br>【適合調光装置（別売）】DMX-PWM信号変換器NNQ72380K<br>【適合調光装置（別売）】DMX-PWM信号変換器NNQ72340K<br>【適合調光装置（別売）】DMX-PWM信号変換器NNQ72385<br>【適合調光装置（別売）】DMX-PWM信号変換器NNQ72345<br>埋込型<br>中角タイプ<br>●天井面取付専用<br>調光範囲（0～100％）<br>注）直下近接限度30cm<br>注）適合調光器・適合調光装置と組み合わせてご使用ください。（別売）<br>注）信号線式ライコンNQ21505、NQ21502のツマミで消灯させる場合は、切替スイッチを「3」に設定してください。<br>注）ライトコントロールNQ21506でも調光可能ですが、消灯操作はライトコントロールの電源スイッチで行ってください。<br>注）断熱施工仕様ではありません。<br>注）LEDにはバラツキがあるため、同一品番商品でも商品ごとに発光色、明るさが異なる場合があります。<br>","NNQ35404K LD9","169000","",
"舞台演出用　天井埋込型　LED（電球色）　客席ダウンライト　広角タイプ・光源遮光角30度　調光タイプ（ライコン別売）／埋込穴φ200　セラメタ150形1灯器具相当　LED 1000形","LED（電球色）　<br>色温度：2700 K　<br>光源寿命40000時間（光束維持率85％）<br>埋込穴径：φ200 mm　<br>埋込高：217 mm<br>質量：1.6 kg<br>器具光束：8860 lm　<br>電圧：100～242 V　<br>消費電力：73.6 W　<br>消費効率：120.3 lm/W<br>【反射板（上部）】プラスチック（ホワイト）<br>【反射板（下部）】アルミ（銀色鏡面仕上）<br>調光方式：PWM（PC）<br>天井埋込型、埋込穴φ200、広角タイプ・光源遮光角30度<br>Ra85<br>【適合調光器（別売）】ライトマネージャーFx NQ28861K<br>【適合調光器（別売）】ライトマネージャーFx NQ28841K<br>【適合調光器（別売）】信号線式ライコンNQ21505<br>【適合調光器（別売）】信号線式ライコンNQ21502<br>【適合調光装置（別売）】調光ユニットパネル<br>【適合調光装置（別売）】FDUシリーズ壁据置型調光装置<br>【適合調光装置（別売）】WDUシリーズ壁付型調光装置<br>【適合調光装置（別売）】DMX-PWM信号変換器NNQ72380K<br>【適合調光装置（別売）】DMX-PWM信号変換器NNQ72340K<br>【適合調光装置（別売）】DMX-PWM信号変換器NNQ72385<br>【適合調光装置（別売）】DMX-PWM信号変換器NNQ72345<br>埋込型<br>広角タイプ<br>●天井面取付専用<br>調光範囲（0～100％）<br>注）直下近接限度30cm<br>注）適合調光器・適合調光装置と組み合わせてご使用ください。（別売）<br>注）信号線式ライコンNQ21505、NQ21502のツマミで消灯させる場合は、切替スイッチを「3」に設定してください。<br>注）ライトコントロールNQ21506でも調光可能ですが、消灯操作はライトコントロールの電源スイッチで行ってください。<br>注）断熱施工仕様ではありません。<br>注）LEDにはバラツキがあるため、同一品番商品でも商品ごとに発光色、明るさが異なる場合があります。<br>","NNQ35401K LD9","169000","受注品",
"舞台演出用　天井埋込型　LED（電球色）　客席ダウンライト　浅型10H・拡散タイプ・光源遮光角30度　調光タイプ（ライコン別売）／埋込穴φ100　コンパクト形蛍光灯FHT42形1灯器具相当　LED 200形","LED（電球色）　<br>色温度：3000 K　<br>光源寿命40000時間（光束維持率85％）<br>埋込穴径：φ100 mm　<br>埋込高：80 mm<br>質量：0.6 kg<br>器具光束：1860 lm　<br>電圧：100～242 V　<br>消費電力：15.5 W　<br>消費効率：120 lm/W<br>【反射板（上部）】プラスチック（ホワイト）<br>調光方式：PWM（PC）<br>天井埋込型、埋込穴φ100、浅型10H・拡散タイプ・光源遮光角30度<br>Ra85<br>【適合調光器（別売）】ライトマネージャーFx NQ28861K<br>【適合調光器（別売）】ライトマネージャーFx NQ28841K<br>【適合調光器（別売）】信号線式ライコンNQ21505<br>【適合調光器（別売）】信号線式ライコンNQ21502<br>【適合調光装置（別売）】調光ユニットパネル<br>【適合調光装置（別売）】FDUシリーズ壁据置型調光装置<br>【適合調光装置（別売）】WDUシリーズ壁付型調光装置<br>【適合調光装置（別売）】DMX-PWM信号変換器NNQ72380K<br>【適合調光装置（別売）】DMX-PWM信号変換器NNQ72340K<br>【適合調光装置（別売）】DMX-PWM信号変換器NNQ72385<br>【適合調光装置（別売）】DMX-PWM信号変換器NNQ72345<br>【適合リニューアルプレート（別売）】埋込穴φ125用NNN80000Z<br>【適合リニューアルプレート（別売）】埋込穴φ150用NNN80003Z<br>埋込型<br>拡散タイプ<br>●天井面取付専用<br>調光範囲（0～100％）<br>注）直下近接限度30cm<br>注）適合調光器・適合調光装置と組み合わせてご使用ください。（別売）<br>注）信号線式ライコンNQ21505、NQ21502のツマミで消灯させる場合は、切替スイッチを「3」に設定してください。<br>注）ライトコントロールNQ21506でも調光可能ですが、消灯操作はライトコントロールの電源スイッチで行ってください。<br>注）施工時、埋込高さは100mm以上必要となります。<br>注）断熱施工仕様ではありません。<br>注）LEDにはバラツキがあるため、同一品番商品でも商品ごとに発光色、明るさが異なる場合があります。<br>","NNQ35425K LD9","51700","",
"舞台演出用　天井埋込型　LED（電球色）　客席ダウンライト　浅型10H・拡散タイプ・光源遮光角30度　調光タイプ（ライコン別売）／埋込穴φ100　コンパクト形蛍光灯FDL27形1灯器具相当　LED 100形","LED（電球色）　<br>色温度：2700 K　<br>光源寿命40000時間（光束維持率85％）<br>埋込穴径：φ100 mm　<br>埋込高：80 mm<br>質量：0.6 kg<br>器具光束：885 lm　<br>電圧：100～242 V　<br>消費電力：7.4 W　<br>消費効率：119.5 lm/W<br>【反射板（上部）】プラスチック（ホワイト）<br>調光方式：PWM（PC）<br>天井埋込型、埋込穴φ100、浅型10H・拡散タイプ・光源遮光角30度<br>Ra85<br>【適合調光器（別売）】ライトマネージャーFx NQ28861K<br>【適合調光器（別売）】ライトマネージャーFx NQ28841K<br>【適合調光器（別売）】信号線式ライコンNQ21505<br>【適合調光器（別売）】信号線式ライコンNQ21502<br>【適合調光装置（別売）】調光ユニットパネル<br>【適合調光装置（別売）】FDUシリーズ壁据置型調光装置<br>【適合調光装置（別売）】WDUシリーズ壁付型調光装置<br>【適合調光装置（別売）】DMX-PWM信号変換器NNQ72380K<br>【適合調光装置（別売）】DMX-PWM信号変換器NNQ72340K<br>【適合調光装置（別売）】DMX-PWM信号変換器NNQ72385<br>【適合調光装置（別売）】DMX-PWM信号変換器NNQ72345<br>【適合リニューアルプレート（別売）】埋込穴φ125用NNN80000Z<br>【適合リニューアルプレート（別売）】埋込穴φ150用NNN80003Z<br>埋込型<br>拡散タイプ<br>●天井面取付専用<br>調光範囲（0～100％）<br>注）直下近接限度30cm<br>注）適合調光器・適合調光装置と組み合わせてご使用ください。（別売）<br>注）信号線式ライコンNQ21505、NQ21502のツマミで消灯させる場合は、切替スイッチを「3」に設定してください。<br>注）ライトコントロールNQ21506でも調光可能ですが、消灯操作はライトコントロールの電源スイッチで行ってください。<br>注）施工時、埋込高さは100mm以上必要となります。<br>注）断熱施工仕様ではありません。<br>注）LEDにはバラツキがあるため、同一品番商品でも商品ごとに発光色、明るさが異なる場合があります。<br>","NNQ35411K LD9","31900","受注品",
"舞台演出用　天井埋込型　LED（電球色）　客席ダウンライト　浅型10H・拡散タイプ・光源遮光角30度　調光タイプ（ライコン別売）／埋込穴φ150　CDM-R70形1灯器具相当　LED 350形","LED（電球色）　<br>色温度：2700 K　<br>光源寿命40000時間（光束維持率85％）<br>埋込穴径：φ150 mm　<br>埋込高：95 mm<br>質量：1 kg<br>器具光束：3265 lm　<br>電圧：100～242 V　<br>消費電力：27.4 W　<br>消費効率：119.1 lm/W<br>【反射板（上部）】プラスチック（ホワイト）<br>調光方式：PWM（PC）<br>天井埋込型、埋込穴φ150、浅型10H・拡散タイプ・光源遮光角30度<br>Ra85<br>【適合調光器（別売）】ライトマネージャーFx NQ28861K<br>【適合調光器（別売）】ライトマネージャーFx NQ28841K<br>【適合調光器（別売）】信号線式ライコンNQ21505<br>【適合調光器（別売）】信号線式ライコンNQ21502<br>【適合調光装置（別売）】調光ユニットパネル<br>【適合調光装置（別売）】FDUシリーズ壁据置型調光装置<br>【適合調光装置（別売）】WDUシリーズ壁付型調光装置<br>【適合調光装置（別売）】DMX-PWM信号変換器NNQ72380K<br>【適合調光装置（別売）】DMX-PWM信号変換器NNQ72340K<br>【適合調光装置（別売）】DMX-PWM信号変換器NNQ72385<br>【適合調光装置（別売）】DMX-PWM信号変換器NNQ72345<br>【適合リニューアルプレート（別売）】埋込穴φ175用NNN80005K<br>【適合リニューアルプレート（別売）】埋込穴φ200用NNN80006K<br>【適合リニューアルプレート（別売）】埋込穴φ250用NNN80007<br>【適合リニューアルプレート（別売）】埋込穴φ300用NNN80008<br>埋込型<br>拡散タイプ<br>●天井面取付専用<br>調光範囲（0～100％）<br>注）直下近接限度30cm<br>注）適合調光器・適合調光装置と組み合わせてご使用ください。（別売）<br>注）信号線式ライコンNQ21505、NQ21502のツマミで消灯させる場合は、切替スイッチを「3」に設定してください。<br>注）ライトコントロールNQ21506でも調光可能ですが、消灯操作はライトコントロールの電源スイッチで行ってください。<br>注）断熱施工仕様ではありません。<br>注）LEDにはバラツキがあるため、同一品番商品でも商品ごとに発光色、明るさが異なる場合があります。<br>","NNQ35431K LD9","84700","受注品",
"舞台演出用　天井埋込型　LED（電球色）　客席ダウンライト　拡散タイプ・光源遮光角30度　調光タイプ（ライコン別売）／埋込穴φ150　コンパクト形蛍光灯FHT42形3灯器具相当　LED 550形","LED（電球色）　<br>色温度：3000 K　<br>光源寿命40000時間（光束維持率85％）<br>埋込穴径：φ150 mm　<br>埋込高：167 mm<br>質量：1.1 kg<br>器具光束：5055 lm　<br>電圧：100～242 V　<br>消費電力：42.5 W　<br>消費効率：118.9 lm/W<br>【反射板（上部）】プラスチック（ホワイト）<br>調光方式：PWM（PC）<br>天井埋込型、埋込穴φ150、拡散タイプ・光源遮光角30度<br>Ra85<br>【適合調光器（別売）】ライトマネージャーFx NQ28861K<br>【適合調光器（別売）】ライトマネージャーFx NQ28841K<br>【適合調光器（別売）】信号線式ライコンNQ21505<br>【適合調光器（別売）】信号線式ライコンNQ21502<br>【適合調光装置（別売）】調光ユニットパネル<br>【適合調光装置（別売）】FDUシリーズ壁据置型調光装置<br>【適合調光装置（別売）】WDUシリーズ壁付型調光装置<br>【適合調光装置（別売）】DMX-PWM信号変換器NNQ72380K<br>【適合調光装置（別売）】DMX-PWM信号変換器NNQ72340K<br>【適合調光装置（別売）】DMX-PWM信号変換器NNQ72385<br>【適合調光装置（別売）】DMX-PWM信号変換器NNQ72345<br>【適合リニューアルプレート（別売）】埋込穴φ175用NNN80005K<br>【適合リニューアルプレート（別売）】埋込穴φ200用NNN80006K<br>【適合リニューアルプレート（別売）】埋込穴φ250用NNN80007<br>【適合リニューアルプレート（別売）】埋込穴φ300用NNN80008<br>埋込型<br>拡散タイプ<br>●天井面取付専用<br>調光範囲（0～100％）<br>注）直下近接限度30cm<br>注）適合調光器・適合調光装置と組み合わせてご使用ください。（別売）<br>注）信号線式ライコンNQ21505、NQ21502のツマミで消灯させる場合は、切替スイッチを「3」に設定してください。<br>注）ライトコントロールNQ21506でも調光可能ですが、消灯操作はライトコントロールの電源スイッチで行ってください。<br>注）断熱施工仕様ではありません。<br>注）LEDにはバラツキがあるため、同一品番商品でも商品ごとに発光色、明るさが異なる場合があります。<br>","NNQ35455K LD9","105000","",
"舞台演出用　天井埋込型　LED（電球色）　客席ダウンライト　中角タイプ・光源遮光角30度　調光タイプ（ライコン別売）／埋込穴φ200　コンパクト形蛍光灯FHT57形3灯器具相当　LED 750形","LED（電球色）　<br>色温度：3000 K　<br>光源寿命40000時間（光束維持率85％）<br>埋込穴径：φ200 mm　<br>埋込高：217 mm<br>質量：1.6 kg<br>器具光束：6980 lm　<br>電圧：100～242 V　<br>消費電力：59.1 W　<br>消費効率：118.1 lm/W<br>【反射板（上部）】プラスチック（ホワイト）<br>【反射板（下部）】アルミ（銀色鏡面仕上）<br>調光方式：PWM（PC）<br>天井埋込型、埋込穴φ200、中角タイプ・光源遮光角30度<br>Ra85<br>【適合調光器（別売）】ライトマネージャーFx NQ28861K<br>【適合調光器（別売）】ライトマネージャーFx NQ28841K<br>【適合調光器（別売）】信号線式ライコンNQ21505<br>【適合調光器（別売）】信号線式ライコンNQ21502<br>【適合調光装置（別売）】調光ユニットパネル<br>【適合調光装置（別売）】FDUシリーズ壁据置型調光装置<br>【適合調光装置（別売）】WDUシリーズ壁付型調光装置<br>【適合調光装置（別売）】DMX-PWM信号変換器NNQ72380K<br>【適合調光装置（別売）】DMX-PWM信号変換器NNQ72340K<br>【適合調光装置（別売）】DMX-PWM信号変換器NNQ72385<br>【適合調光装置（別売）】DMX-PWM信号変換器NNQ72345<br>埋込型<br>中角タイプ<br>●天井面取付専用<br>調光範囲（0～100％）<br>注）直下近接限度30cm<br>注）適合調光器・適合調光装置と組み合わせてご使用ください。（別売）<br>注）信号線式ライコンNQ21505、NQ21502のツマミで消灯させる場合は、切替スイッチを「3」に設定してください。<br>注）ライトコントロールNQ21506でも調光可能ですが、消灯操作はライトコントロールの電源スイッチで行ってください。<br>注）断熱施工仕様ではありません。<br>注）LEDにはバラツキがあるため、同一品番商品でも商品ごとに発光色、明るさが異なる場合があります。<br>","NNQ35474K LD9","135000","",
"舞台演出用　天井埋込型　LED（電球色）　天井反射板ライト　広角タイプ・光源遮光角40度　調光タイプ（ライコン別売）／埋込穴φ205　コンパクト形蛍光灯FHT57形3灯器具相当　LED 750形","LED（電球色）　<br>色温度：3000 K　<br>光源寿命40000時間（光束維持率85％）<br>埋込穴径：φ205 mm　<br>埋込高：253 mm<br>質量：2.5 kg<br>器具光束：6970 lm　<br>電圧：100～242 V　<br>消費電力：59.1 W　<br>消費効率：117.9 lm/W<br>【反射板（上部）】プラスチック（ホワイト）<br>【反射板（下部）】アルミ（銀色鏡面仕上）<br>調光方式：PWM（PC）<br>天井埋込型、埋込穴φ205、広角タイプ・光源遮光角40度<br>Ra85<br>【適合調光器（別売）】ライトマネージャーFx NQ28861K<br>【適合調光器（別売）】ライトマネージャーFx NQ28841K<br>【適合調光器（別売）】信号線式ライコンNQ21505<br>【適合調光器（別売）】信号線式ライコンNQ21502<br>【適合調光装置（別売）】調光ユニットパネル<br>【適合調光装置（別売）】FDUシリーズ壁据置型調光装置<br>【適合調光装置（別売）】WDUシリーズ壁付型調光装置<br>【適合調光装置（別売）】DMX-PWM信号変換器NNQ72380K<br>【適合調光装置（別売）】DMX-PWM信号変換器NNQ72340K<br>【適合調光装置（別売）】DMX-PWM信号変換器NNQ72385<br>【適合調光装置（別売）】DMX-PWM信号変換器NNQ72345<br>埋込型<br>広角タイプ<br>●天井音響反射板専用<br>調光範囲（0～100％）<br>●納期および価格については、お取引先にお問い合わせください。<br>注）適合ライトコントロール・調光器と組み合わせてご使用ください。（別売）<br>注）直下近接限度30cm<br>注）断熱施工仕様ではありません。<br>注）信号線式ライコンNQ21505、NQ21502のツマミで消灯させる場合は、切替スイッチを「3」に設定してください。<br>注）ライトコントロールNQ21506でも調光可能ですが、消灯操作はライトコントロールの電源スイッチで行ってください。<br>注）器具は天井裏からの固定が必要です。<br>注）埋込穴径は、φ205～φ210まで対応可能です。<br>注）LEDにはバラツキがあるため、同一品番商品でも商品ごとに発光色、明るさが異なる場合があります。<br>","NNQ35779K LD9","","受注品",
"舞台演出用　天井埋込型　LED（電球色）　客席ダウンライト　浅型10H・広角タイプ・光源遮光角30度　調光タイプ（ライコン別売）／埋込穴φ100　コンパクト形蛍光灯FHT32形1灯器具相当　LED 150形","LED（電球色）　<br>色温度：2700 K　<br>光源寿命40000時間（光束維持率85％）<br>埋込穴径：φ100 mm　<br>埋込高：80 mm<br>質量：0.6 kg<br>器具光束：1460 lm　<br>電圧：100～242 V　<br>消費電力：12.4 W　<br>消費効率：117.7 lm/W<br>【反射板（上部）】プラスチック（ホワイト）<br>【反射板（下部）】アルミ（銀色鏡面仕上）<br>調光方式：PWM（PC）<br>天井埋込型、埋込穴φ100、浅型10H・広角タイプ・光源遮光角30度<br>Ra85<br>【適合調光器（別売）】ライトマネージャーFx NQ28861K<br>【適合調光器（別売）】ライトマネージャーFx NQ28841K<br>【適合調光器（別売）】信号線式ライコンNQ21505<br>【適合調光器（別売）】信号線式ライコンNQ21502<br>【適合調光装置（別売）】調光ユニットパネル<br>【適合調光装置（別売）】FDUシリーズ壁据置型調光装置<br>【適合調光装置（別売）】WDUシリーズ壁付型調光装置<br>【適合調光装置（別売）】DMX-PWM信号変換器NNQ72380K<br>【適合調光装置（別売）】DMX-PWM信号変換器NNQ72340K<br>【適合調光装置（別売）】DMX-PWM信号変換器NNQ72385<br>【適合調光装置（別売）】DMX-PWM信号変換器NNQ72345<br>【適合リニューアルプレート（別売）】埋込穴φ125用NNN80000Z<br>【適合リニューアルプレート（別売）】埋込穴φ150用NNN80003Z<br>埋込型<br>広角タイプ<br>●天井面取付専用<br>調光範囲（0～100％）<br>注）直下近接限度30cm<br>注）適合調光器・適合調光装置と組み合わせてご使用ください。（別売）<br>注）信号線式ライコンNQ21505、NQ21502のツマミで消灯させる場合は、切替スイッチを「3」に設定してください。<br>注）ライトコントロールNQ21506でも調光可能ですが、消灯操作はライトコントロールの電源スイッチで行ってください。<br>注）施工時、埋込高さは100mm以上必要となります。<br>注）断熱施工仕様ではありません。<br>注）LEDにはバラツキがあるため、同一品番商品でも商品ごとに発光色、明るさが異なる場合があります。<br>","NNQ35490K LD9","37400","受注品",
"舞台演出用　天井埋込型　LED（電球色）　客席ダウンライト　浅型10H・拡散タイプ・光源遮光角30度　調光タイプ（ライコン別売）／埋込穴φ100　コンパクト形蛍光灯FHT32形1灯器具相当　LED 150形","LED（電球色）　<br>色温度：2700 K　<br>光源寿命40000時間（光束維持率85％）<br>埋込穴径：φ100 mm　<br>埋込高：80 mm<br>質量：0.6 kg<br>器具光束：1440 lm　<br>電圧：100～242 V　<br>消費電力：12.4 W　<br>消費効率：116.1 lm/W<br>【反射板（上部）】プラスチック（ホワイト）<br>調光方式：PWM（PC）<br>天井埋込型、埋込穴φ100、浅型10H・拡散タイプ・光源遮光角30度<br>Ra85<br>【適合調光器（別売）】ライトマネージャーFx NQ28861K<br>【適合調光器（別売）】ライトマネージャーFx NQ28841K<br>【適合調光器（別売）】信号線式ライコンNQ21505<br>【適合調光器（別売）】信号線式ライコンNQ21502<br>【適合調光装置（別売）】調光ユニットパネル<br>【適合調光装置（別売）】FDUシリーズ壁据置型調光装置<br>【適合調光装置（別売）】WDUシリーズ壁付型調光装置<br>【適合調光装置（別売）】DMX-PWM信号変換器NNQ72380K<br>【適合調光装置（別売）】DMX-PWM信号変換器NNQ72340K<br>【適合調光装置（別売）】DMX-PWM信号変換器NNQ72385<br>【適合調光装置（別売）】DMX-PWM信号変換器NNQ72345<br>【適合リニューアルプレート（別売）】埋込穴φ125用NNN80000Z<br>【適合リニューアルプレート（別売）】埋込穴φ150用NNN80003Z<br>埋込型<br>拡散タイプ<br>●天井面取付専用<br>調光範囲（0～100％）<br>注）直下近接限度30cm<br>注）適合調光器・適合調光装置と組み合わせてご使用ください。（別売）<br>注）信号線式ライコンNQ21505、NQ21502のツマミで消灯させる場合は、切替スイッチを「3」に設定してください。<br>注）ライトコントロールNQ21506でも調光可能ですが、消灯操作はライトコントロールの電源スイッチで行ってください。<br>注）施工時、埋込高さは100mm以上必要となります。<br>注）断熱施工仕様ではありません。<br>注）LEDにはバラツキがあるため、同一品番商品でも商品ごとに発光色、明るさが異なる場合があります。<br>","NNQ35491K LD9","37400","受注品",
"舞台演出用　天井埋込型　LED（電球色）　客席ダウンライト　中角タイプ・光源遮光角30度　調光タイプ（ライコン別売）／埋込穴φ200　セラメタ150形1灯器具相当　LED 1000形","LED（電球色）　<br>色温度：2700 K　<br>光源寿命40000時間（光束維持率85％）<br>埋込穴径：φ200 mm　<br>埋込高：217 mm<br>質量：1.6 kg<br>器具光束：8510 lm　<br>電圧：100～242 V　<br>消費電力：73.6 W　<br>消費効率：115.6 lm/W<br>【反射板（上部）】プラスチック（ホワイト）<br>【反射板（下部）】アルミ（銀色鏡面仕上）<br>調光方式：PWM（PC）<br>天井埋込型、埋込穴φ200、中角タイプ・光源遮光角30度<br>Ra85<br>【適合調光器（別売）】ライトマネージャーFx NQ28861K<br>【適合調光器（別売）】ライトマネージャーFx NQ28841K<br>【適合調光器（別売）】信号線式ライコンNQ21505<br>【適合調光器（別売）】信号線式ライコンNQ21502<br>【適合調光装置（別売）】調光ユニットパネル<br>【適合調光装置（別売）】FDUシリーズ壁据置型調光装置<br>【適合調光装置（別売）】WDUシリーズ壁付型調光装置<br>【適合調光装置（別売）】DMX-PWM信号変換器NNQ72380K<br>【適合調光装置（別売）】DMX-PWM信号変換器NNQ72340K<br>【適合調光装置（別売）】DMX-PWM信号変換器NNQ72385<br>【適合調光装置（別売）】DMX-PWM信号変換器NNQ72345<br>埋込型<br>中角タイプ<br>●天井面取付専用<br>調光範囲（0～100％）<br>注）直下近接限度30cm<br>注）適合調光器・適合調光装置と組み合わせてご使用ください。（別売）<br>注）信号線式ライコンNQ21505、NQ21502のツマミで消灯させる場合は、切替スイッチを「3」に設定してください。<br>注）ライトコントロールNQ21506でも調光可能ですが、消灯操作はライトコントロールの電源スイッチで行ってください。<br>注）断熱施工仕様ではありません。<br>注）LEDにはバラツキがあるため、同一品番商品でも商品ごとに発光色、明るさが異なる場合があります。<br>","NNQ35400K LD9","169000","受注品",
"舞台演出用　天井埋込型　LED（電球色）　天井反射板ライト　広角タイプ・光源遮光角40度　調光タイプ（ライコン別売）／埋込穴φ205　コンパクト形蛍光灯FHT42形3灯器具相当　LED 550形","LED（電球色）　<br>色温度：3000 K　<br>光源寿命40000時間（光束維持率85％）<br>埋込穴径：φ205 mm　<br>埋込高：244 mm<br>質量：2.1 kg<br>器具光束：4905 lm　<br>電圧：100～242 V　<br>消費電力：42.5 W　<br>消費効率：115.4 lm/W<br>【反射板（上部）】プラスチック（ホワイト）<br>【反射板（下部）】アルミ（銀色鏡面仕上）<br>調光方式：PWM（PC）<br>天井埋込型、埋込穴φ205、広角タイプ・光源遮光角40度<br>Ra85<br>【適合調光器（別売）】ライトマネージャーFx NQ28861K<br>【適合調光器（別売）】ライトマネージャーFx NQ28841K<br>【適合調光器（別売）】信号線式ライコンNQ21505<br>【適合調光器（別売）】信号線式ライコンNQ21502<br>【適合調光装置（別売）】調光ユニットパネル<br>【適合調光装置（別売）】FDUシリーズ壁据置型調光装置<br>【適合調光装置（別売）】WDUシリーズ壁付型調光装置<br>【適合調光装置（別売）】DMX-PWM信号変換器NNQ72380K<br>【適合調光装置（別売）】DMX-PWM信号変換器NNQ72340K<br>【適合調光装置（別売）】DMX-PWM信号変換器NNQ72385<br>【適合調光装置（別売）】DMX-PWM信号変換器NNQ72345<br>埋込型<br>広角タイプ<br>●天井音響反射板専用<br>調光範囲（0～100％）<br>●納期および価格については、お取引先にお問い合わせください。<br>注）適合ライトコントロール・調光器と組み合わせてご使用ください。（別売）<br>注）直下近接限度30cm<br>注）断熱施工仕様ではありません。<br>注）信号線式ライコンNQ21505、NQ21502のツマミで消灯させる場合は、切替スイッチを「3」に設定してください。<br>注）ライトコントロールNQ21506でも調光可能ですが、消灯操作はライトコントロールの電源スイッチで行ってください。<br>注）器具は天井裏からの固定が必要です。<br>注）埋込穴径は、φ205～φ210まで対応可能です。<br>注）LEDにはバラツキがあるため、同一品番商品でも商品ごとに発光色、明るさが異なる場合があります。<br>","NNQ35759K LD9","","受注品",
"舞台演出用　天井埋込型　LED（電球色）　客席ダウンライト　広角タイプ・光源遮光角30度　調光タイプ（ライコン別売）／埋込穴φ150　コンパクト形蛍光灯FHT42形3灯器具相当　LED 550形","LED（電球色）　<br>色温度：2700 K　<br>光源寿命40000時間（光束維持率85％）<br>埋込穴径：φ150 mm　<br>埋込高：167 mm<br>質量：1.1 kg<br>器具光束：4900 lm　<br>電圧：100～242 V　<br>消費電力：42.5 W　<br>消費効率：115.2 lm/W<br>【反射板（上部）】プラスチック（ホワイト）<br>【反射板（下部）】アルミ（銀色鏡面仕上）<br>調光方式：PWM（PC）<br>天井埋込型、埋込穴φ150、広角タイプ・光源遮光角30度<br>Ra85<br>【適合調光器（別売）】ライトマネージャーFx NQ28861K<br>【適合調光器（別売）】ライトマネージャーFx NQ28841K<br>【適合調光器（別売）】信号線式ライコンNQ21505<br>【適合調光器（別売）】信号線式ライコンNQ21502<br>【適合調光装置（別売）】調光ユニットパネル<br>【適合調光装置（別売）】FDUシリーズ壁据置型調光装置<br>【適合調光装置（別売）】WDUシリーズ壁付型調光装置<br>【適合調光装置（別売）】DMX-PWM信号変換器NNQ72380K<br>【適合調光装置（別売）】DMX-PWM信号変換器NNQ72340K<br>【適合調光装置（別売）】DMX-PWM信号変換器NNQ72385<br>【適合調光装置（別売）】DMX-PWM信号変換器NNQ72345<br>【適合リニューアルプレート（別売）】埋込穴φ175用NNN80005K<br>【適合リニューアルプレート（別売）】埋込穴φ200用NNN80006K<br>【適合リニューアルプレート（別売）】埋込穴φ250用NNN80007<br>【適合リニューアルプレート（別売）】埋込穴φ300用NNN80008<br>埋込型<br>広角タイプ<br>●天井面取付専用<br>調光範囲（0～100％）<br>注）直下近接限度30cm<br>注）適合調光器・適合調光装置と組み合わせてご使用ください。（別売）<br>注）信号線式ライコンNQ21505、NQ21502のツマミで消灯させる場合は、切替スイッチを「3」に設定してください。<br>注）ライトコントロールNQ21506でも調光可能ですが、消灯操作はライトコントロールの電源スイッチで行ってください。<br>注）断熱施工仕様ではありません。<br>注）LEDにはバラツキがあるため、同一品番商品でも商品ごとに発光色、明るさが異なる場合があります。<br>","NNQ35450K LD9","105000","受注品",
"舞台演出用　天井埋込型　LED（電球色）　客席ダウンライト　浅型10H・広角タイプ・光源遮光角30度　調光タイプ（ライコン別売）／埋込穴φ100　コンパクト形蛍光灯FHT42形1灯器具相当　LED 200形","LED（電球色）　<br>色温度：2700 K　<br>光源寿命40000時間（光束維持率85％）<br>埋込穴径：φ100 mm　<br>埋込高：80 mm<br>質量：0.6 kg<br>器具光束：1785 lm　<br>電圧：100～242 V　<br>消費電力：15.5 W　<br>消費効率：115.1 lm/W<br>【反射板（上部）】プラスチック（ホワイト）<br>【反射板（下部）】アルミ（銀色鏡面仕上）<br>調光方式：PWM（PC）<br>天井埋込型、埋込穴φ100、浅型10H・広角タイプ・光源遮光角30度<br>Ra85<br>【適合調光器（別売）】ライトマネージャーFx NQ28861K<br>【適合調光器（別売）】ライトマネージャーFx NQ28841K<br>【適合調光器（別売）】信号線式ライコンNQ21505<br>【適合調光器（別売）】信号線式ライコンNQ21502<br>【適合調光装置（別売）】調光ユニットパネル<br>【適合調光装置（別売）】FDUシリーズ壁据置型調光装置<br>【適合調光装置（別売）】WDUシリーズ壁付型調光装置<br>【適合調光装置（別売）】DMX-PWM信号変換器NNQ72380K<br>【適合調光装置（別売）】DMX-PWM信号変換器NNQ72340K<br>【適合調光装置（別売）】DMX-PWM信号変換器NNQ72385<br>【適合調光装置（別売）】DMX-PWM信号変換器NNQ72345<br>【適合リニューアルプレート（別売）】埋込穴φ125用NNN80000Z<br>【適合リニューアルプレート（別売）】埋込穴φ150用NNN80003Z<br>埋込型<br>広角タイプ<br>●天井面取付専用<br>調光範囲（0～100％）<br>注）直下近接限度30cm<br>注）適合調光器・適合調光装置と組み合わせてご使用ください。（別売）<br>注）信号線式ライコンNQ21505、NQ21502のツマミで消灯させる場合は、切替スイッチを「3」に設定してください。<br>注）ライトコントロールNQ21506でも調光可能ですが、消灯操作はライトコントロールの電源スイッチで行ってください。<br>注）施工時、埋込高さは100mm以上必要となります。<br>注）断熱施工仕様ではありません。<br>注）LEDにはバラツキがあるため、同一品番商品でも商品ごとに発光色、明るさが異なる場合があります。<br>","NNQ35420K LD9","51700","受注品",
"舞台演出用　天井埋込型　LED（電球色）　客席ダウンライト　美光色・浅型10H・広角タイプ・光源遮光角30度　調光タイプ（ライコン別売）／埋込穴φ150　CDM-R70形1灯器具相当　LED 350形","LED（電球色）　<br>色温度：3000 K　<br>光源寿命40000時間（光束維持率85％）<br>埋込穴径：φ150 mm　<br>埋込高：95 mm<br>質量：1 kg<br>器具光束：3120 lm　<br>電圧：100～242 V　<br>消費電力：27.4 W　<br>消費効率：113.8 lm/W<br>【反射板（上部）】プラスチック（ホワイト）<br>【反射板（下部）】アルミ（銀色鏡面仕上）<br>調光方式：PWM（PC）<br>天井埋込型、埋込穴φ150、美光色・浅型10H・広角タイプ・光源遮光角30度<br>Ra95<br>【適合調光器（別売）】ライトマネージャーFx NQ28861K<br>【適合調光器（別売）】ライトマネージャーFx NQ28841K<br>【適合調光器（別売）】信号線式ライコンNQ21505<br>【適合調光器（別売）】信号線式ライコンNQ21502<br>【適合調光装置（別売）】調光ユニットパネル<br>【適合調光装置（別売）】FDUシリーズ壁据置型調光装置<br>【適合調光装置（別売）】WDUシリーズ壁付型調光装置<br>【適合調光装置（別売）】DMX-PWM信号変換器NNQ72380K<br>【適合調光装置（別売）】DMX-PWM信号変換器NNQ72340K<br>【適合調光装置（別売）】DMX-PWM信号変換器NNQ72385<br>【適合調光装置（別売）】DMX-PWM信号変換器NNQ72345<br>【適合リニューアルプレート（別売）】埋込穴φ175用NNN80005K<br>【適合リニューアルプレート（別売）】埋込穴φ200用NNN80006K<br>【適合リニューアルプレート（別売）】埋込穴φ250用NNN80007<br>【適合リニューアルプレート（別売）】埋込穴φ300用NNN80008<br>埋込型<br>広角タイプ<br>●天井面取付専用<br>調光範囲（0～100％）<br>注）直下近接限度30cm<br>注）適合調光器・適合調光装置と組み合わせてご使用ください。（別売）<br>注）信号線式ライコンNQ21505、NQ21502のツマミで消灯させる場合は、切替スイッチを「3」に設定してください。<br>注）ライトコントロールNQ21506でも調光可能ですが、消灯操作はライトコントロールの電源スイッチで行ってください。<br>注）断熱施工仕様ではありません。<br>注）LEDにはバラツキがあるため、同一品番商品でも商品ごとに発光色、明るさが異なる場合があります。<br>","NNQ35436K LD9","84700","",
"舞台演出用　天井埋込型　LED（電球色）　客席ダウンライト　広角タイプ・光源遮光角30度　調光タイプ（ライコン別売）／埋込穴φ200　コンパクト形蛍光灯FHT57形3灯器具相当　LED 750形","LED（電球色）　<br>色温度：2700 K　<br>光源寿命40000時間（光束維持率85％）<br>埋込穴径：φ200 mm　<br>埋込高：217 mm<br>質量：1.6 kg<br>器具光束：6720 lm　<br>電圧：100～242 V　<br>消費電力：59.1 W　<br>消費効率：113.7 lm/W<br>【反射板（上部）】プラスチック（ホワイト）<br>【反射板（下部）】アルミ（銀色鏡面仕上）<br>調光方式：PWM（PC）<br>天井埋込型、埋込穴φ200、広角タイプ・光源遮光角30度<br>Ra85<br>【適合調光器（別売）】ライトマネージャーFx NQ28861K<br>【適合調光器（別売）】ライトマネージャーFx NQ28841K<br>【適合調光器（別売）】信号線式ライコンNQ21505<br>【適合調光器（別売）】信号線式ライコンNQ21502<br>【適合調光装置（別売）】調光ユニットパネル<br>【適合調光装置（別売）】FDUシリーズ壁据置型調光装置<br>【適合調光装置（別売）】WDUシリーズ壁付型調光装置<br>【適合調光装置（別売）】DMX-PWM信号変換器NNQ72380K<br>【適合調光装置（別売）】DMX-PWM信号変換器NNQ72340K<br>【適合調光装置（別売）】DMX-PWM信号変換器NNQ72385<br>【適合調光装置（別売）】DMX-PWM信号変換器NNQ72345<br>埋込型<br>広角タイプ<br>●天井面取付専用<br>調光範囲（0～100％）<br>注）直下近接限度30cm<br>注）適合調光器・適合調光装置と組み合わせてご使用ください。（別売）<br>注）信号線式ライコンNQ21505、NQ21502のツマミで消灯させる場合は、切替スイッチを「3」に設定してください。<br>注）ライトコントロールNQ21506でも調光可能ですが、消灯操作はライトコントロールの電源スイッチで行ってください。<br>注）断熱施工仕様ではありません。<br>注）LEDにはバラツキがあるため、同一品番商品でも商品ごとに発光色、明るさが異なる場合があります。<br>","NNQ35471K LD9","135000","受注品",
"舞台演出用　天井埋込型　LED（電球色）　客席ダウンライト　浅型10H・拡散タイプ・光源遮光角30度　調光タイプ（ライコン別売）／埋込穴φ100　コンパクト形蛍光灯FHT42形1灯器具相当　LED 200形","LED（電球色）　<br>色温度：2700 K　<br>光源寿命40000時間（光束維持率85％）<br>埋込穴径：φ100 mm　<br>埋込高：80 mm<br>質量：0.6 kg<br>器具光束：1755 lm　<br>電圧：100～242 V　<br>消費電力：15.5 W　<br>消費効率：113.2 lm/W<br>【反射板（上部）】プラスチック（ホワイト）<br>調光方式：PWM（PC）<br>天井埋込型、埋込穴φ100、浅型10H・拡散タイプ・光源遮光角30度<br>Ra85<br>【適合調光器（別売）】ライトマネージャーFx NQ28861K<br>【適合調光器（別売）】ライトマネージャーFx NQ28841K<br>【適合調光器（別売）】信号線式ライコンNQ21505<br>【適合調光器（別売）】信号線式ライコンNQ21502<br>【適合調光装置（別売）】調光ユニットパネル<br>【適合調光装置（別売）】FDUシリーズ壁据置型調光装置<br>【適合調光装置（別売）】WDUシリーズ壁付型調光装置<br>【適合調光装置（別売）】DMX-PWM信号変換器NNQ72380K<br>【適合調光装置（別売）】DMX-PWM信号変換器NNQ72340K<br>【適合調光装置（別売）】DMX-PWM信号変換器NNQ72385<br>【適合調光装置（別売）】DMX-PWM信号変換器NNQ72345<br>【適合リニューアルプレート（別売）】埋込穴φ125用NNN80000Z<br>【適合リニューアルプレート（別売）】埋込穴φ150用NNN80003Z<br>埋込型<br>拡散タイプ<br>●天井面取付専用<br>調光範囲（0～100％）<br>注）直下近接限度30cm<br>注）適合調光器・適合調光装置と組み合わせてご使用ください。（別売）<br>注）信号線式ライコンNQ21505、NQ21502のツマミで消灯させる場合は、切替スイッチを「3」に設定してください。<br>注）ライトコントロールNQ21506でも調光可能ですが、消灯操作はライトコントロールの電源スイッチで行ってください。<br>注）施工時、埋込高さは100mm以上必要となります。<br>注）断熱施工仕様ではありません。<br>注）LEDにはバラツキがあるため、同一品番商品でも商品ごとに発光色、明るさが異なる場合があります。<br>","NNQ35421K LD9","51700","受注品",
"舞台演出用　天井埋込型　LED（電球色）　客席ダウンライト　拡散タイプ・光源遮光角30度　調光タイプ（ライコン別売）／埋込穴φ150　コンパクト形蛍光灯FHT42形3灯器具相当　LED 550形","LED（電球色）　<br>色温度：2700 K　<br>光源寿命40000時間（光束維持率85％）<br>埋込穴径：φ150 mm　<br>埋込高：167 mm<br>質量：1.1 kg<br>器具光束：4755 lm　<br>電圧：100～242 V　<br>消費電力：42.5 W　<br>消費効率：111.8 lm/W<br>【反射板（上部）】プラスチック（ホワイト）<br>調光方式：PWM（PC）<br>天井埋込型、埋込穴φ150、拡散タイプ・光源遮光角30度<br>Ra85<br>【適合調光器（別売）】ライトマネージャーFx NQ28861K<br>【適合調光器（別売）】ライトマネージャーFx NQ28841K<br>【適合調光器（別売）】信号線式ライコンNQ21505<br>【適合調光器（別売）】信号線式ライコンNQ21502<br>【適合調光装置（別売）】調光ユニットパネル<br>【適合調光装置（別売）】FDUシリーズ壁据置型調光装置<br>【適合調光装置（別売）】WDUシリーズ壁付型調光装置<br>【適合調光装置（別売）】DMX-PWM信号変換器NNQ72380K<br>【適合調光装置（別売）】DMX-PWM信号変換器NNQ72340K<br>【適合調光装置（別売）】DMX-PWM信号変換器NNQ72385<br>【適合調光装置（別売）】DMX-PWM信号変換器NNQ72345<br>【適合リニューアルプレート（別売）】埋込穴φ175用NNN80005K<br>【適合リニューアルプレート（別売）】埋込穴φ200用NNN80006K<br>【適合リニューアルプレート（別売）】埋込穴φ250用NNN80007<br>【適合リニューアルプレート（別売）】埋込穴φ300用NNN80008<br>埋込型<br>拡散タイプ<br>●天井面取付専用<br>調光範囲（0～100％）<br>注）直下近接限度30cm<br>注）適合調光器・適合調光装置と組み合わせてご使用ください。（別売）<br>注）信号線式ライコンNQ21505、NQ21502のツマミで消灯させる場合は、切替スイッチを「3」に設定してください。<br>注）ライトコントロールNQ21506でも調光可能ですが、消灯操作はライトコントロールの電源スイッチで行ってください。<br>注）断熱施工仕様ではありません。<br>注）LEDにはバラツキがあるため、同一品番商品でも商品ごとに発光色、明るさが異なる場合があります。<br>","NNQ35451K LD9","105000","受注品",
"舞台演出用　天井埋込型　LED（電球色）　客席ダウンライト　美光色・浅型10H・拡散タイプ・光源遮光角30度　調光タイプ（ライコン別売）／埋込穴φ150　CDM-R70形1灯器具相当　LED 350形","LED（電球色）　<br>色温度：3000 K　<br>光源寿命40000時間（光束維持率85％）<br>埋込穴径：φ150 mm　<br>埋込高：95 mm<br>質量：1 kg<br>器具光束：3050 lm　<br>電圧：100～242 V　<br>消費電力：27.4 W　<br>消費効率：111.3 lm/W<br>【反射板（上部）】プラスチック（ホワイト）<br>調光方式：PWM（PC）<br>天井埋込型、埋込穴φ150、美光色・浅型10H・拡散タイプ・光源遮光角30度<br>Ra95<br>【適合調光器（別売）】ライトマネージャーFx NQ28861K<br>【適合調光器（別売）】ライトマネージャーFx NQ28841K<br>【適合調光器（別売）】信号線式ライコンNQ21505<br>【適合調光器（別売）】信号線式ライコンNQ21502<br>【適合調光装置（別売）】調光ユニットパネル<br>【適合調光装置（別売）】FDUシリーズ壁据置型調光装置<br>【適合調光装置（別売）】WDUシリーズ壁付型調光装置<br>【適合調光装置（別売）】DMX-PWM信号変換器NNQ72380K<br>【適合調光装置（別売）】DMX-PWM信号変換器NNQ72340K<br>【適合調光装置（別売）】DMX-PWM信号変換器NNQ72385<br>【適合調光装置（別売）】DMX-PWM信号変換器NNQ72345<br>【適合リニューアルプレート（別売）】埋込穴φ175用NNN80005K<br>【適合リニューアルプレート（別売）】埋込穴φ200用NNN80006K<br>【適合リニューアルプレート（別売）】埋込穴φ250用NNN80007<br>【適合リニューアルプレート（別売）】埋込穴φ300用NNN80008<br>埋込型<br>拡散タイプ<br>●天井面取付専用<br>調光範囲（0～100％）<br>注）直下近接限度30cm<br>注）適合調光器・適合調光装置と組み合わせてご使用ください。（別売）<br>注）信号線式ライコンNQ21505、NQ21502のツマミで消灯させる場合は、切替スイッチを「3」に設定してください。<br>注）ライトコントロールNQ21506でも調光可能ですが、消灯操作はライトコントロールの電源スイッチで行ってください。<br>注）断熱施工仕様ではありません。<br>注）LEDにはバラツキがあるため、同一品番商品でも商品ごとに発光色、明るさが異なる場合があります。<br>","NNQ35437K LD9","84700","",
"舞台演出用　天井埋込型　LED（電球色）　客席ダウンライト　中角タイプ・光源遮光角30度　調光タイプ（ライコン別売）／埋込穴φ200　コンパクト形蛍光灯FHT57形3灯器具相当　LED 750形","LED（電球色）　<br>色温度：2700 K　<br>光源寿命40000時間（光束維持率85％）<br>埋込穴径：φ200 mm　<br>埋込高：217 mm<br>質量：1.6 kg<br>器具光束：6505 lm　<br>電圧：100～242 V　<br>消費電力：59.1 W　<br>消費効率：110 lm/W<br>【反射板（上部）】プラスチック（ホワイト）<br>【反射板（下部）】アルミ（銀色鏡面仕上）<br>調光方式：PWM（PC）<br>天井埋込型、埋込穴φ200、中角タイプ・光源遮光角30度<br>Ra85<br>【適合調光器（別売）】ライトマネージャーFx NQ28861K<br>【適合調光器（別売）】ライトマネージャーFx NQ28841K<br>【適合調光器（別売）】信号線式ライコンNQ21505<br>【適合調光器（別売）】信号線式ライコンNQ21502<br>【適合調光装置（別売）】調光ユニットパネル<br>【適合調光装置（別売）】FDUシリーズ壁据置型調光装置<br>【適合調光装置（別売）】WDUシリーズ壁付型調光装置<br>【適合調光装置（別売）】DMX-PWM信号変換器NNQ72380K<br>【適合調光装置（別売）】DMX-PWM信号変換器NNQ72340K<br>【適合調光装置（別売）】DMX-PWM信号変換器NNQ72385<br>【適合調光装置（別売）】DMX-PWM信号変換器NNQ72345<br>埋込型<br>中角タイプ<br>●天井面取付専用<br>調光範囲（0～100％）<br>注）直下近接限度30cm<br>注）適合調光器・適合調光装置と組み合わせてご使用ください。（別売）<br>注）信号線式ライコンNQ21505、NQ21502のツマミで消灯させる場合は、切替スイッチを「3」に設定してください。<br>注）ライトコントロールNQ21506でも調光可能ですが、消灯操作はライトコントロールの電源スイッチで行ってください。<br>注）断熱施工仕様ではありません。<br>注）LEDにはバラツキがあるため、同一品番商品でも商品ごとに発光色、明るさが異なる場合があります。<br>","NNQ35470K LD9","135000","受注品",
"舞台演出用　天井埋込型　LED（電球色）　客席ダウンライト　美光色・浅型10H・広角タイプ・光源遮光角30度　調光タイプ（ライコン別売）／埋込穴φ100　コンパクト形蛍光灯FDL27形1灯器具相当　LED 100形","LED（電球色）　<br>色温度：3000 K　<br>光源寿命40000時間（光束維持率85％）<br>埋込穴径：φ100 mm　<br>埋込高：80 mm<br>質量：0.6 kg<br>器具光束：785 lm　<br>電圧：100～242 V　<br>消費電力：7.4 W　<br>消費効率：106 lm/W<br>【反射板（上部）】プラスチック（ホワイト）<br>【反射板（下部）】アルミ（銀色鏡面仕上）<br>調光方式：PWM（PC）<br>天井埋込型、埋込穴φ100、美光色・浅型10H・広角タイプ・光源遮光角30度<br>Ra95<br>【適合調光器（別売）】ライトマネージャーFx NQ28861K<br>【適合調光器（別売）】ライトマネージャーFx NQ28841K<br>【適合調光器（別売）】信号線式ライコンNQ21505<br>【適合調光器（別売）】信号線式ライコンNQ21502<br>【適合調光装置（別売）】調光ユニットパネル<br>【適合調光装置（別売）】FDUシリーズ壁据置型調光装置<br>【適合調光装置（別売）】WDUシリーズ壁付型調光装置<br>【適合調光装置（別売）】DMX-PWM信号変換器NNQ72380K<br>【適合調光装置（別売）】DMX-PWM信号変換器NNQ72340K<br>【適合調光装置（別売）】DMX-PWM信号変換器NNQ72385<br>【適合調光装置（別売）】DMX-PWM信号変換器NNQ72345<br>【適合リニューアルプレート（別売）】埋込穴φ125用NNN80000Z<br>【適合リニューアルプレート（別売）】埋込穴φ150用NNN80003Z<br>埋込型<br>広角タイプ<br>●天井面取付専用<br>調光範囲（0～100％）<br>注）直下近接限度30cm<br>注）適合調光器・適合調光装置と組み合わせてご使用ください。（別売）<br>注）信号線式ライコンNQ21505、NQ21502のツマミで消灯させる場合は、切替スイッチを「3」に設定してください。<br>注）ライトコントロールNQ21506でも調光可能ですが、消灯操作はライトコントロールの電源スイッチで行ってください。<br>注）施工時、埋込高さは100mm以上必要となります。<br>注）断熱施工仕様ではありません。<br>注）LEDにはバラツキがあるため、同一品番商品でも商品ごとに発光色、明るさが異なる場合があります。<br>","NNQ35416K LD9","31900","",
"舞台演出用　天井埋込型　LED（電球色）　客席ダウンライト　美光色・浅型10H・拡散タイプ・光源遮光角30度　調光タイプ（ライコン別売）／埋込穴φ100　コンパクト形蛍光灯FDL27形1灯器具相当　LED 100形","LED（電球色）　<br>色温度：3000 K　<br>光源寿命40000時間（光束維持率85％）<br>埋込穴径：φ100 mm　<br>埋込高：80 mm<br>質量：0.6 kg<br>器具光束：770 lm　<br>電圧：100～242 V　<br>消費電力：7.4 W　<br>消費効率：104 lm/W<br>【反射板（上部）】プラスチック（ホワイト）<br>調光方式：PWM（PC）<br>天井埋込型、埋込穴φ100、美光色・浅型10H・拡散タイプ・光源遮光角30度<br>Ra95<br>【適合調光器（別売）】ライトマネージャーFx NQ28861K<br>【適合調光器（別売）】ライトマネージャーFx NQ28841K<br>【適合調光器（別売）】信号線式ライコンNQ21505<br>【適合調光器（別売）】信号線式ライコンNQ21502<br>【適合調光装置（別売）】調光ユニットパネル<br>【適合調光装置（別売）】FDUシリーズ壁据置型調光装置<br>【適合調光装置（別売）】WDUシリーズ壁付型調光装置<br>【適合調光装置（別売）】DMX-PWM信号変換器NNQ72380K<br>【適合調光装置（別売）】DMX-PWM信号変換器NNQ72340K<br>【適合調光装置（別売）】DMX-PWM信号変換器NNQ72385<br>【適合調光装置（別売）】DMX-PWM信号変換器NNQ72345<br>【適合リニューアルプレート（別売）】埋込穴φ125用NNN80000Z<br>【適合リニューアルプレート（別売）】埋込穴φ150用NNN80003Z<br>埋込型<br>拡散タイプ<br>●天井面取付専用<br>調光範囲（0～100％）<br>注）直下近接限度30cm<br>注）適合調光器・適合調光装置と組み合わせてご使用ください。（別売）<br>注）信号線式ライコンNQ21505、NQ21502のツマミで消灯させる場合は、切替スイッチを「3」に設定してください。<br>注）ライトコントロールNQ21506でも調光可能ですが、消灯操作はライトコントロールの電源スイッチで行ってください。<br>注）施工時、埋込高さは100mm以上必要となります。<br>注）断熱施工仕様ではありません。<br>注）LEDにはバラツキがあるため、同一品番商品でも商品ごとに発光色、明るさが異なる場合があります。<br>","NNQ35417K LD9","31900","",
"舞台演出用　天井埋込型　LED（電球色）　客席ダウンライト　美光色・浅型10H・広角タイプ・光源遮光角30度　調光タイプ（ライコン別売）／埋込穴φ100　コンパクト形蛍光灯FHT32形1灯器具相当　LED 150形","LED（電球色）　<br>色温度：3000 K　<br>光源寿命40000時間（光束維持率85％）<br>埋込穴径：φ100 mm　<br>埋込高：80 mm<br>質量：0.6 kg<br>器具光束：1275 lm　<br>電圧：100～242 V　<br>消費電力：12.4 W　<br>消費効率：102.8 lm/W<br>【反射板（上部）】プラスチック（ホワイト）<br>【反射板（下部）】アルミ（銀色鏡面仕上）<br>調光方式：PWM（PC）<br>天井埋込型、埋込穴φ100、美光色・浅型10H・広角タイプ・光源遮光角30度<br>Ra95<br>【適合調光器（別売）】ライトマネージャーFx NQ28861K<br>【適合調光器（別売）】ライトマネージャーFx NQ28841K<br>【適合調光器（別売）】信号線式ライコンNQ21505<br>【適合調光器（別売）】信号線式ライコンNQ21502<br>【適合調光装置（別売）】調光ユニットパネル<br>【適合調光装置（別売）】FDUシリーズ壁据置型調光装置<br>【適合調光装置（別売）】WDUシリーズ壁付型調光装置<br>【適合調光装置（別売）】DMX-PWM信号変換器NNQ72380K<br>【適合調光装置（別売）】DMX-PWM信号変換器NNQ72340K<br>【適合調光装置（別売）】DMX-PWM信号変換器NNQ72385<br>【適合調光装置（別売）】DMX-PWM信号変換器NNQ72345<br>【適合リニューアルプレート（別売）】埋込穴φ125用NNN80000Z<br>【適合リニューアルプレート（別売）】埋込穴φ150用NNN80003Z<br>埋込型<br>広角タイプ<br>●天井面取付専用<br>調光範囲（0～100％）<br>注）直下近接限度30cm<br>注）適合調光器・適合調光装置と組み合わせてご使用ください。（別売）<br>注）信号線式ライコンNQ21505、NQ21502のツマミで消灯させる場合は、切替スイッチを「3」に設定してください。<br>注）ライトコントロールNQ21506でも調光可能ですが、消灯操作はライトコントロールの電源スイッチで行ってください。<br>注）施工時、埋込高さは100mm以上必要となります。<br>注）断熱施工仕様ではありません。<br>注）LEDにはバラツキがあるため、同一品番商品でも商品ごとに発光色、明るさが異なる場合があります。<br>","NNQ35496K LD9","37400","",
"舞台演出用　天井埋込型　LED（電球色）　客席ダウンライト　美光色・広角タイプ・光源遮光角30度　調光タイプ（ライコン別売）／埋込穴φ200　セラメタ150形1灯器具相当　LED 1000形","LED（電球色）　<br>色温度：3000 K　<br>光源寿命40000時間（光束維持率85％）<br>埋込穴径：φ200 mm　<br>埋込高：217 mm<br>質量：1.6 kg<br>器具光束：7460 lm　<br>電圧：100～242 V　<br>消費電力：73.6 W　<br>消費効率：101.3 lm/W<br>【反射板（上部）】プラスチック（ホワイト）<br>【反射板（下部）】アルミ（銀色鏡面仕上）<br>調光方式：PWM（PC）<br>天井埋込型、埋込穴φ200、美光色・広角タイプ・光源遮光角30度<br>Ra95<br>【適合調光器（別売）】ライトマネージャーFx NQ28861K<br>【適合調光器（別売）】ライトマネージャーFx NQ28841K<br>【適合調光器（別売）】信号線式ライコンNQ21505<br>【適合調光器（別売）】信号線式ライコンNQ21502<br>【適合調光装置（別売）】調光ユニットパネル<br>【適合調光装置（別売）】FDUシリーズ壁据置型調光装置<br>【適合調光装置（別売）】WDUシリーズ壁付型調光装置<br>【適合調光装置（別売）】DMX-PWM信号変換器NNQ72380K<br>【適合調光装置（別売）】DMX-PWM信号変換器NNQ72340K<br>【適合調光装置（別売）】DMX-PWM信号変換器NNQ72385<br>【適合調光装置（別売）】DMX-PWM信号変換器NNQ72345<br>埋込型<br>広角タイプ<br>●天井面取付専用<br>調光範囲（0～100％）<br>注）直下近接限度30cm<br>注）適合調光器・適合調光装置と組み合わせてご使用ください。（別売）<br>注）信号線式ライコンNQ21505、NQ21502のツマミで消灯させる場合は、切替スイッチを「3」に設定してください。<br>注）ライトコントロールNQ21506でも調光可能ですが、消灯操作はライトコントロールの電源スイッチで行ってください。<br>注）断熱施工仕様ではありません。<br>注）LEDにはバラツキがあるため、同一品番商品でも商品ごとに発光色、明るさが異なる場合があります。<br>","NNQ35407K LD9","169000","",
"舞台演出用　天井埋込型　LED（電球色）　客席ダウンライト　美光色・浅型10H・拡散タイプ・光源遮光角30度　調光タイプ（ライコン別売）／埋込穴φ100　コンパクト形蛍光灯FHT32形1灯器具相当　LED 150形","LED（電球色）　<br>色温度：3000 K　<br>光源寿命40000時間（光束維持率85％）<br>埋込穴径：φ100 mm　<br>埋込高：80 mm<br>質量：0.6 kg<br>器具光束：1255 lm　<br>電圧：100～242 V　<br>消費電力：12.4 W　<br>消費効率：101.2 lm/W<br>【反射板（上部）】プラスチック（ホワイト）<br>調光方式：PWM（PC）<br>天井埋込型、埋込穴φ100、美光色・浅型10H・拡散タイプ・光源遮光角30度<br>Ra95<br>【適合調光器（別売）】ライトマネージャーFx NQ28861K<br>【適合調光器（別売）】ライトマネージャーFx NQ28841K<br>【適合調光器（別売）】信号線式ライコンNQ21505<br>【適合調光器（別売）】信号線式ライコンNQ21502<br>【適合調光装置（別売）】調光ユニットパネル<br>【適合調光装置（別売）】FDUシリーズ壁据置型調光装置<br>【適合調光装置（別売）】WDUシリーズ壁付型調光装置<br>【適合調光装置（別売）】DMX-PWM信号変換器NNQ72380K<br>【適合調光装置（別売）】DMX-PWM信号変換器NNQ72340K<br>【適合調光装置（別売）】DMX-PWM信号変換器NNQ72385<br>【適合調光装置（別売）】DMX-PWM信号変換器NNQ72345<br>【適合リニューアルプレート（別売）】埋込穴φ125用NNN80000Z<br>【適合リニューアルプレート（別売）】埋込穴φ150用NNN80003Z<br>埋込型<br>拡散タイプ<br>●天井面取付専用<br>調光範囲（0～100％）<br>注）直下近接限度30cm<br>注）適合調光器・適合調光装置と組み合わせてご使用ください。（別売）<br>注）信号線式ライコンNQ21505、NQ21502のツマミで消灯させる場合は、切替スイッチを「3」に設定してください。<br>注）ライトコントロールNQ21506でも調光可能ですが、消灯操作はライトコントロールの電源スイッチで行ってください。<br>注）施工時、埋込高さは100mm以上必要となります。<br>注）断熱施工仕様ではありません。<br>注）LEDにはバラツキがあるため、同一品番商品でも商品ごとに発光色、明るさが異なる場合があります。<br>","NNQ35497K LD9","37400","",
"舞台演出用　天井埋込型　LED（電球色）　客席ダウンライト　美光色・浅型10H・広角タイプ・光源遮光角30度　調光タイプ（ライコン別売）／埋込穴φ100　コンパクト形蛍光灯FDL27形1灯器具相当　LED 100形","LED（電球色）　<br>色温度：2700 K　<br>光源寿命40000時間（光束維持率85％）<br>埋込穴径：φ100 mm　<br>埋込高：80 mm<br>質量：0.6 kg<br>器具光束：745 lm　<br>電圧：100～242 V　<br>消費電力：7.4 W　<br>消費効率：100.6 lm/W<br>【反射板（上部）】プラスチック（ホワイト）<br>【反射板（下部）】アルミ（銀色鏡面仕上）<br>調光方式：PWM（PC）<br>天井埋込型、埋込穴φ100、美光色・浅型10H・広角タイプ・光源遮光角30度<br>Ra95<br>【適合調光器（別売）】ライトマネージャーFx NQ28861K<br>【適合調光器（別売）】ライトマネージャーFx NQ28841K<br>【適合調光器（別売）】信号線式ライコンNQ21505<br>【適合調光器（別売）】信号線式ライコンNQ21502<br>【適合調光装置（別売）】調光ユニットパネル<br>【適合調光装置（別売）】FDUシリーズ壁据置型調光装置<br>【適合調光装置（別売）】WDUシリーズ壁付型調光装置<br>【適合調光装置（別売）】DMX-PWM信号変換器NNQ72380K<br>【適合調光装置（別売）】DMX-PWM信号変換器NNQ72340K<br>【適合調光装置（別売）】DMX-PWM信号変換器NNQ72385<br>【適合調光装置（別売）】DMX-PWM信号変換器NNQ72345<br>【適合リニューアルプレート（別売）】埋込穴φ125用NNN80000Z<br>【適合リニューアルプレート（別売）】埋込穴φ150用NNN80003Z<br>埋込型<br>広角タイプ<br>●天井面取付専用<br>調光範囲（0～100％）<br>注）直下近接限度30cm<br>注）適合調光器・適合調光装置と組み合わせてご使用ください。（別売）<br>注）信号線式ライコンNQ21505、NQ21502のツマミで消灯させる場合は、切替スイッチを「3」に設定してください。<br>注）ライトコントロールNQ21506でも調光可能ですが、消灯操作はライトコントロールの電源スイッチで行ってください。<br>注）施工時、埋込高さは100mm以上必要となります。<br>注）断熱施工仕様ではありません。<br>注）LEDにはバラツキがあるため、同一品番商品でも商品ごとに発光色、明るさが異なる場合があります。<br>","NNQ35412K LD9","31900","受注品",
"舞台演出用　天井埋込型　LED（電球色）　客席ダウンライト　美光色・浅型10H・広角タイプ・光源遮光角30度　調光タイプ（ライコン別売）／埋込穴φ100　コンパクト形蛍光灯FHT42形1灯器具相当　LED 200形","LED（電球色）　<br>色温度：3000 K　<br>光源寿命40000時間（光束維持率85％）<br>埋込穴径：φ100 mm　<br>埋込高：80 mm<br>質量：0.6 kg<br>器具光束：1555 lm　<br>電圧：100～242 V　<br>消費電力：15.5 W　<br>消費効率：100.3 lm/W<br>【反射板（上部）】プラスチック（ホワイト）<br>【反射板（下部）】アルミ（銀色鏡面仕上）<br>調光方式：PWM（PC）<br>天井埋込型、埋込穴φ100、美光色・浅型10H・広角タイプ・光源遮光角30度<br>Ra95<br>【適合調光器（別売）】ライトマネージャーFx NQ28861K<br>【適合調光器（別売）】ライトマネージャーFx NQ28841K<br>【適合調光器（別売）】信号線式ライコンNQ21505<br>【適合調光器（別売）】信号線式ライコンNQ21502<br>【適合調光装置（別売）】調光ユニットパネル<br>【適合調光装置（別売）】FDUシリーズ壁据置型調光装置<br>【適合調光装置（別売）】WDUシリーズ壁付型調光装置<br>【適合調光装置（別売）】DMX-PWM信号変換器NNQ72380K<br>【適合調光装置（別売）】DMX-PWM信号変換器NNQ72340K<br>【適合調光装置（別売）】DMX-PWM信号変換器NNQ72385<br>【適合調光装置（別売）】DMX-PWM信号変換器NNQ72345<br>【適合リニューアルプレート（別売）】埋込穴φ125用NNN80000Z<br>【適合リニューアルプレート（別売）】埋込穴φ150用NNN80003Z<br>埋込型<br>広角タイプ<br>●天井面取付専用<br>調光範囲（0～100％）<br>注）直下近接限度30cm<br>注）適合調光器・適合調光装置と組み合わせてご使用ください。（別売）<br>注）信号線式ライコンNQ21505、NQ21502のツマミで消灯させる場合は、切替スイッチを「3」に設定してください。<br>注）ライトコントロールNQ21506でも調光可能ですが、消灯操作はライトコントロールの電源スイッチで行ってください。<br>注）施工時、埋込高さは100mm以上必要となります。<br>注）断熱施工仕様ではありません。<br>注）LEDにはバラツキがあるため、同一品番商品でも商品ごとに発光色、明るさが異なる場合があります。<br>","NNQ35426K LD9","51700","",
"舞台演出用　天井埋込型　LED（電球色）　客席ダウンライト　美光色・広角タイプ・光源遮光角30度　調光タイプ（ライコン別売）／埋込穴φ150　コンパクト形蛍光灯FHT42形3灯器具相当　LED 550形","LED（電球色）　<br>色温度：3000 K　<br>光源寿命40000時間（光束維持率85％）<br>埋込穴径：φ150 mm　<br>埋込高：167 mm<br>質量：1.1 kg<br>器具光束：4250 lm　<br>電圧：100～242 V　<br>消費電力：42.5 W　<br>消費効率：100 lm/W<br>【反射板（上部）】プラスチック（ホワイト）<br>【反射板（下部）】アルミ（銀色鏡面仕上）<br>調光方式：PWM（PC）<br>天井埋込型、埋込穴φ150、美光色・広角タイプ・光源遮光角30度<br>Ra95<br>【適合調光器（別売）】ライトマネージャーFx NQ28861K<br>【適合調光器（別売）】ライトマネージャーFx NQ28841K<br>【適合調光器（別売）】信号線式ライコンNQ21505<br>【適合調光器（別売）】信号線式ライコンNQ21502<br>【適合調光装置（別売）】調光ユニットパネル<br>【適合調光装置（別売）】FDUシリーズ壁据置型調光装置<br>【適合調光装置（別売）】WDUシリーズ壁付型調光装置<br>【適合調光装置（別売）】DMX-PWM信号変換器NNQ72380K<br>【適合調光装置（別売）】DMX-PWM信号変換器NNQ72340K<br>【適合調光装置（別売）】DMX-PWM信号変換器NNQ72385<br>【適合調光装置（別売）】DMX-PWM信号変換器NNQ72345<br>【適合リニューアルプレート（別売）】埋込穴φ175用NNN80005K<br>【適合リニューアルプレート（別売）】埋込穴φ200用NNN80006K<br>【適合リニューアルプレート（別売）】埋込穴φ250用NNN80007<br>【適合リニューアルプレート（別売）】埋込穴φ300用NNN80008<br>埋込型<br>広角タイプ<br>●天井面取付専用<br>調光範囲（0～100％）<br>注）直下近接限度30cm<br>注）適合調光器・適合調光装置と組み合わせてご使用ください。（別売）<br>注）信号線式ライコンNQ21505、NQ21502のツマミで消灯させる場合は、切替スイッチを「3」に設定してください。<br>注）ライトコントロールNQ21506でも調光可能ですが、消灯操作はライトコントロールの電源スイッチで行ってください。<br>注）断熱施工仕様ではありません。<br>注）LEDにはバラツキがあるため、同一品番商品でも商品ごとに発光色、明るさが異なる場合があります。<br>","NNQ35456K LD9","105000","",
"舞台演出用　天井埋込型　LED（電球色）　客席ダウンライト　美光色・浅型10H・広角タイプ・光源遮光角30度　調光タイプ（ライコン別売）／埋込穴φ150　CDM-R70形1灯器具相当　LED 350形","LED（電球色）　<br>色温度：2700 K　<br>光源寿命40000時間（光束維持率85％）<br>埋込穴径：φ150 mm　<br>埋込高：95 mm<br>質量：1 kg<br>器具光束：2740 lm　<br>電圧：100～242 V　<br>消費電力：27.4 W　<br>消費効率：100 lm/W<br>【反射板（上部）】プラスチック（ホワイト）<br>【反射板（下部）】アルミ（銀色鏡面仕上）<br>調光方式：PWM（PC）<br>天井埋込型、埋込穴φ150、美光色・浅型10H・広角タイプ・光源遮光角30度<br>Ra95<br>【適合調光器（別売）】ライトマネージャーFx NQ28861K<br>【適合調光器（別売）】ライトマネージャーFx NQ28841K<br>【適合調光器（別売）】信号線式ライコンNQ21505<br>【適合調光器（別売）】信号線式ライコンNQ21502<br>【適合調光装置（別売）】調光ユニットパネル<br>【適合調光装置（別売）】FDUシリーズ壁据置型調光装置<br>【適合調光装置（別売）】WDUシリーズ壁付型調光装置<br>【適合調光装置（別売）】DMX-PWM信号変換器NNQ72380K<br>【適合調光装置（別売）】DMX-PWM信号変換器NNQ72340K<br>【適合調光装置（別売）】DMX-PWM信号変換器NNQ72385<br>【適合調光装置（別売）】DMX-PWM信号変換器NNQ72345<br>【適合リニューアルプレート（別売）】埋込穴φ175用NNN80005K<br>【適合リニューアルプレート（別売）】埋込穴φ200用NNN80006K<br>【適合リニューアルプレート（別売）】埋込穴φ250用NNN80007<br>【適合リニューアルプレート（別売）】埋込穴φ300用NNN80008<br>埋込型<br>広角タイプ<br>●天井面取付専用<br>調光範囲（0～100％）<br>注）直下近接限度30cm<br>注）適合調光器・適合調光装置と組み合わせてご使用ください。（別売）<br>注）信号線式ライコンNQ21505、NQ21502のツマミで消灯させる場合は、切替スイッチを「3」に設定してください。<br>注）ライトコントロールNQ21506でも調光可能ですが、消灯操作はライトコントロールの電源スイッチで行ってください。<br>注）断熱施工仕様ではありません。<br>注）LEDにはバラツキがあるため、同一品番商品でも商品ごとに発光色、明るさが異なる場合があります。<br>","NNQ35432K LD9","84700","受注品",
"舞台演出用　天井埋込型　LED（電球色）　客席ダウンライト　美光色・浅型10H・拡散タイプ・光源遮光角30度　調光タイプ（ライコン別売）／埋込穴φ100　コンパクト形蛍光灯FDL27形1灯器具相当　LED 100形","LED（電球色）　<br>色温度：2700 K　<br>光源寿命40000時間（光束維持率85％）<br>埋込穴径：φ100 mm　<br>埋込高：80 mm<br>質量：0.6 kg<br>器具光束：735 lm　<br>電圧：100～242 V　<br>消費電力：7.4 W　<br>消費効率：99.3 lm/W<br>【反射板（上部）】プラスチック（ホワイト）<br>調光方式：PWM（PC）<br>天井埋込型、埋込穴φ100、美光色・浅型10H・拡散タイプ・光源遮光角30度<br>Ra95<br>【適合調光器（別売）】ライトマネージャーFx NQ28861K<br>【適合調光器（別売）】ライトマネージャーFx NQ28841K<br>【適合調光器（別売）】信号線式ライコンNQ21505<br>【適合調光器（別売）】信号線式ライコンNQ21502<br>【適合調光装置（別売）】調光ユニットパネル<br>【適合調光装置（別売）】FDUシリーズ壁据置型調光装置<br>【適合調光装置（別売）】WDUシリーズ壁付型調光装置<br>【適合調光装置（別売）】DMX-PWM信号変換器NNQ72380K<br>【適合調光装置（別売）】DMX-PWM信号変換器NNQ72340K<br>【適合調光装置（別売）】DMX-PWM信号変換器NNQ72385<br>【適合調光装置（別売）】DMX-PWM信号変換器NNQ72345<br>【適合リニューアルプレート（別売）】埋込穴φ125用NNN80000Z<br>【適合リニューアルプレート（別売）】埋込穴φ150用NNN80003Z<br>埋込型<br>拡散タイプ<br>●天井面取付専用<br>調光範囲（0～100％）<br>注）直下近接限度30cm<br>注）適合調光器・適合調光装置と組み合わせてご使用ください。（別売）<br>注）信号線式ライコンNQ21505、NQ21502のツマミで消灯させる場合は、切替スイッチを「3」に設定してください。<br>注）ライトコントロールNQ21506でも調光可能ですが、消灯操作はライトコントロールの電源スイッチで行ってください。<br>注）施工時、埋込高さは100mm以上必要となります。<br>注）断熱施工仕様ではありません。<br>注）LEDにはバラツキがあるため、同一品番商品でも商品ごとに発光色、明るさが異なる場合があります。<br>","NNQ35413K LD9","31900","受注品",
"舞台演出用　天井埋込型　LED（電球色）　客席ダウンライト　美光色・広角タイプ・光源遮光角30度　調光タイプ（ライコン別売）／埋込穴φ200　セラメタ150形1灯器具相当　LED 1000形","LED（電球色）　<br>色温度：2700 K　<br>光源寿命40000時間（光束維持率85％）<br>埋込穴径：φ200 mm　<br>埋込高：217 mm<br>質量：1.6 kg<br>器具光束：7290 lm　<br>電圧：100～242 V　<br>消費電力：73.6 W　<br>消費効率：99 lm/W<br>【反射板（上部）】プラスチック（ホワイト）<br>【反射板（下部）】アルミ（銀色鏡面仕上）<br>調光方式：PWM（PC）<br>天井埋込型、埋込穴φ200、美光色・広角タイプ・光源遮光角30度<br>Ra95<br>【適合調光器（別売）】ライトマネージャーFx NQ28861K<br>【適合調光器（別売）】ライトマネージャーFx NQ28841K<br>【適合調光器（別売）】信号線式ライコンNQ21505<br>【適合調光器（別売）】信号線式ライコンNQ21502<br>【適合調光装置（別売）】調光ユニットパネル<br>【適合調光装置（別売）】FDUシリーズ壁据置型調光装置<br>【適合調光装置（別売）】WDUシリーズ壁付型調光装置<br>【適合調光装置（別売）】DMX-PWM信号変換器NNQ72380K<br>【適合調光装置（別売）】DMX-PWM信号変換器NNQ72340K<br>【適合調光装置（別売）】DMX-PWM信号変換器NNQ72385<br>【適合調光装置（別売）】DMX-PWM信号変換器NNQ72345<br>埋込型<br>広角タイプ<br>●天井面取付専用<br>調光範囲（0～100％）<br>注）直下近接限度30cm<br>注）適合調光器・適合調光装置と組み合わせてご使用ください。（別売）<br>注）信号線式ライコンNQ21505、NQ21502のツマミで消灯させる場合は、切替スイッチを「3」に設定してください。<br>注）ライトコントロールNQ21506でも調光可能ですが、消灯操作はライトコントロールの電源スイッチで行ってください。<br>注）断熱施工仕様ではありません。<br>注）LEDにはバラツキがあるため、同一品番商品でも商品ごとに発光色、明るさが異なる場合があります。<br>","NNQ35403K LD9","169000","受注品",
"舞台演出用　天井埋込型　LED（電球色）　客席ダウンライト　美光色・広角タイプ・光源遮光角30度　調光タイプ（ライコン別売）／埋込穴φ200　コンパクト形蛍光灯FHT57形3灯器具相当　LED 750形","LED（電球色）　<br>色温度：3000 K　<br>光源寿命40000時間（光束維持率85％）<br>埋込穴径：φ200 mm　<br>埋込高：217 mm<br>質量：1.6 kg<br>器具光束：5845 lm　<br>電圧：100～242 V　<br>消費電力：59.1 W　<br>消費効率：98.9 lm/W<br>【反射板（上部）】プラスチック（ホワイト）<br>【反射板（下部）】アルミ（銀色鏡面仕上）<br>調光方式：PWM（PC）<br>天井埋込型、埋込穴φ200、美光色・広角タイプ・光源遮光角30度<br>Ra95<br>【適合調光器（別売）】ライトマネージャーFx NQ28861K<br>【適合調光器（別売）】ライトマネージャーFx NQ28841K<br>【適合調光器（別売）】信号線式ライコンNQ21505<br>【適合調光器（別売）】信号線式ライコンNQ21502<br>【適合調光装置（別売）】調光ユニットパネル<br>【適合調光装置（別売）】FDUシリーズ壁据置型調光装置<br>【適合調光装置（別売）】WDUシリーズ壁付型調光装置<br>【適合調光装置（別売）】DMX-PWM信号変換器NNQ72380K<br>【適合調光装置（別売）】DMX-PWM信号変換器NNQ72340K<br>【適合調光装置（別売）】DMX-PWM信号変換器NNQ72385<br>【適合調光装置（別売）】DMX-PWM信号変換器NNQ72345<br>埋込型<br>広角タイプ<br>●天井面取付専用<br>調光範囲（0～100％）<br>注）直下近接限度30cm<br>注）適合調光器・適合調光装置と組み合わせてご使用ください。（別売）<br>注）信号線式ライコンNQ21505、NQ21502のツマミで消灯させる場合は、切替スイッチを「3」に設定してください。<br>注）ライトコントロールNQ21506でも調光可能ですが、消灯操作はライトコントロールの電源スイッチで行ってください。<br>注）断熱施工仕様ではありません。<br>注）LEDにはバラツキがあるため、同一品番商品でも商品ごとに発光色、明るさが異なる場合があります。<br>","NNQ35477K LD9","135000","",
"舞台演出用　天井埋込型　LED（電球色）　客席ダウンライト　美光色・浅型10H・拡散タイプ・光源遮光角30度　調光タイプ（ライコン別売）／埋込穴φ100　コンパクト形蛍光灯FHT42形1灯器具相当　LED 200形","LED（電球色）　<br>色温度：3000 K　<br>光源寿命40000時間（光束維持率85％）<br>埋込穴径：φ100 mm　<br>埋込高：80 mm<br>質量：0.6 kg<br>器具光束：1530 lm　<br>電圧：100～242 V　<br>消費電力：15.5 W　<br>消費効率：98.7 lm/W<br>【反射板（上部）】プラスチック（ホワイト）<br>調光方式：PWM（PC）<br>天井埋込型、埋込穴φ100、美光色・浅型10H・拡散タイプ・光源遮光角30度<br>Ra95<br>【適合調光器（別売）】ライトマネージャーFx NQ28861K<br>【適合調光器（別売）】ライトマネージャーFx NQ28841K<br>【適合調光器（別売）】信号線式ライコンNQ21505<br>【適合調光器（別売）】信号線式ライコンNQ21502<br>【適合調光装置（別売）】調光ユニットパネル<br>【適合調光装置（別売）】FDUシリーズ壁据置型調光装置<br>【適合調光装置（別売）】WDUシリーズ壁付型調光装置<br>【適合調光装置（別売）】DMX-PWM信号変換器NNQ72380K<br>【適合調光装置（別売）】DMX-PWM信号変換器NNQ72340K<br>【適合調光装置（別売）】DMX-PWM信号変換器NNQ72385<br>【適合調光装置（別売）】DMX-PWM信号変換器NNQ72345<br>【適合リニューアルプレート（別売）】埋込穴φ125用NNN80000Z<br>【適合リニューアルプレート（別売）】埋込穴φ150用NNN80003Z<br>埋込型<br>拡散タイプ<br>●天井面取付専用<br>調光範囲（0～100％）<br>注）直下近接限度30cm<br>注）適合調光器・適合調光装置と組み合わせてご使用ください。（別売）<br>注）信号線式ライコンNQ21505、NQ21502のツマミで消灯させる場合は、切替スイッチを「3」に設定してください。<br>注）ライトコントロールNQ21506でも調光可能ですが、消灯操作はライトコントロールの電源スイッチで行ってください。<br>注）施工時、埋込高さは100mm以上必要となります。<br>注）断熱施工仕様ではありません。<br>注）LEDにはバラツキがあるため、同一品番商品でも商品ごとに発光色、明るさが異なる場合があります。<br>","NNQ35427K LD9","51700","",
"舞台演出用　天井埋込型　LED（電球色）　客席ダウンライト　美光色・浅型10H・広角タイプ・光源遮光角30度　調光タイプ（ライコン別売）／埋込穴φ100　コンパクト形蛍光灯FHT32形1灯器具相当　LED 150形","LED（電球色）　<br>色温度：2700 K　<br>光源寿命40000時間（光束維持率85％）<br>埋込穴径：φ100 mm　<br>埋込高：80 mm<br>質量：0.6 kg<br>器具光束：1215 lm　<br>電圧：100～242 V　<br>消費電力：12.4 W　<br>消費効率：97.9 lm/W<br>【反射板（上部）】プラスチック（ホワイト）<br>【反射板（下部）】アルミ（銀色鏡面仕上）<br>調光方式：PWM（PC）<br>天井埋込型、埋込穴φ100、美光色・浅型10H・広角タイプ・光源遮光角30度<br>Ra95<br>【適合調光器（別売）】ライトマネージャーFx NQ28861K<br>【適合調光器（別売）】ライトマネージャーFx NQ28841K<br>【適合調光器（別売）】信号線式ライコンNQ21505<br>【適合調光器（別売）】信号線式ライコンNQ21502<br>【適合調光装置（別売）】調光ユニットパネル<br>【適合調光装置（別売）】FDUシリーズ壁据置型調光装置<br>【適合調光装置（別売）】WDUシリーズ壁付型調光装置<br>【適合調光装置（別売）】DMX-PWM信号変換器NNQ72380K<br>【適合調光装置（別売）】DMX-PWM信号変換器NNQ72340K<br>【適合調光装置（別売）】DMX-PWM信号変換器NNQ72385<br>【適合調光装置（別売）】DMX-PWM信号変換器NNQ72345<br>【適合リニューアルプレート（別売）】埋込穴φ125用NNN80000Z<br>【適合リニューアルプレート（別売）】埋込穴φ150用NNN80003Z<br>埋込型<br>広角タイプ<br>●天井面取付専用<br>調光範囲（0～100％）<br>注）直下近接限度30cm<br>注）適合調光器・適合調光装置と組み合わせてご使用ください。（別売）<br>注）信号線式ライコンNQ21505、NQ21502のツマミで消灯させる場合は、切替スイッチを「3」に設定してください。<br>注）ライトコントロールNQ21506でも調光可能ですが、消灯操作はライトコントロールの電源スイッチで行ってください。<br>注）施工時、埋込高さは100mm以上必要となります。<br>注）断熱施工仕様ではありません。<br>注）LEDにはバラツキがあるため、同一品番商品でも商品ごとに発光色、明るさが異なる場合があります。<br>","NNQ35492K LD9","37400","受注品",
"舞台演出用　天井埋込型　LED（電球色）　客席ダウンライト　美光色・浅型10H・拡散タイプ・光源遮光角30度　調光タイプ（ライコン別売）／埋込穴φ150　CDM-R70形1灯器具相当　LED 350形","LED（電球色）　<br>色温度：2700 K　<br>光源寿命40000時間（光束維持率85％）<br>埋込穴径：φ150 mm　<br>埋込高：95 mm<br>質量：1 kg<br>器具光束：2680 lm　<br>電圧：100～242 V　<br>消費電力：27.4 W　<br>消費効率：97.8 lm/W<br>【反射板（上部）】プラスチック（ホワイト）<br>調光方式：PWM（PC）<br>天井埋込型、埋込穴φ150、美光色・浅型10H・拡散タイプ・光源遮光角30度<br>Ra95<br>【適合調光器（別売）】ライトマネージャーFx NQ28861K<br>【適合調光器（別売）】ライトマネージャーFx NQ28841K<br>【適合調光器（別売）】信号線式ライコンNQ21505<br>【適合調光器（別売）】信号線式ライコンNQ21502<br>【適合調光装置（別売）】調光ユニットパネル<br>【適合調光装置（別売）】FDUシリーズ壁据置型調光装置<br>【適合調光装置（別売）】WDUシリーズ壁付型調光装置<br>【適合調光装置（別売）】DMX-PWM信号変換器NNQ72380K<br>【適合調光装置（別売）】DMX-PWM信号変換器NNQ72340K<br>【適合調光装置（別売）】DMX-PWM信号変換器NNQ72385<br>【適合調光装置（別売）】DMX-PWM信号変換器NNQ72345<br>【適合リニューアルプレート（別売）】埋込穴φ175用NNN80005K<br>【適合リニューアルプレート（別売）】埋込穴φ200用NNN80006K<br>【適合リニューアルプレート（別売）】埋込穴φ250用NNN80007<br>【適合リニューアルプレート（別売）】埋込穴φ300用NNN80008<br>埋込型<br>拡散タイプ<br>●天井面取付専用<br>調光範囲（0～100％）<br>注）直下近接限度30cm<br>注）適合調光器・適合調光装置と組み合わせてご使用ください。（別売）<br>注）信号線式ライコンNQ21505、NQ21502のツマミで消灯させる場合は、切替スイッチを「3」に設定してください。<br>注）ライトコントロールNQ21506でも調光可能ですが、消灯操作はライトコントロールの電源スイッチで行ってください。<br>注）断熱施工仕様ではありません。<br>注）LEDにはバラツキがあるため、同一品番商品でも商品ごとに発光色、明るさが異なる場合があります。<br>","NNQ35433K LD9","84700","受注品",
"舞台演出用　天井埋込型　LED（電球色）　客席ダウンライト　美光色・拡散タイプ・光源遮光角30度　調光タイプ（ライコン別売）／埋込穴φ150　コンパクト形蛍光灯FHT42形3灯器具相当　LED 550形","LED（電球色）　<br>色温度：3000 K　<br>光源寿命40000時間（光束維持率85％）<br>埋込穴径：φ150 mm　<br>埋込高：167 mm<br>質量：1.1 kg<br>器具光束：4155 lm　<br>電圧：100～242 V　<br>消費電力：42.5 W　<br>消費効率：97.7 lm/W<br>【反射板（上部）】プラスチック（ホワイト）<br>調光方式：PWM（PC）<br>天井埋込型、埋込穴φ150、美光色・拡散タイプ・光源遮光角30度<br>Ra95<br>【適合調光器（別売）】ライトマネージャーFx NQ28861K<br>【適合調光器（別売）】ライトマネージャーFx NQ28841K<br>【適合調光器（別売）】信号線式ライコンNQ21505<br>【適合調光器（別売）】信号線式ライコンNQ21502<br>【適合調光装置（別売）】調光ユニットパネル<br>【適合調光装置（別売）】FDUシリーズ壁据置型調光装置<br>【適合調光装置（別売）】WDUシリーズ壁付型調光装置<br>【適合調光装置（別売）】DMX-PWM信号変換器NNQ72380K<br>【適合調光装置（別売）】DMX-PWM信号変換器NNQ72340K<br>【適合調光装置（別売）】DMX-PWM信号変換器NNQ72385<br>【適合調光装置（別売）】DMX-PWM信号変換器NNQ72345<br>【適合リニューアルプレート（別売）】埋込穴φ175用NNN80005K<br>【適合リニューアルプレート（別売）】埋込穴φ200用NNN80006K<br>【適合リニューアルプレート（別売）】埋込穴φ250用NNN80007<br>【適合リニューアルプレート（別売）】埋込穴φ300用NNN80008<br>埋込型<br>拡散タイプ<br>●天井面取付専用<br>調光範囲（0～100％）<br>注）直下近接限度30cm<br>注）適合調光器・適合調光装置と組み合わせてご使用ください。（別売）<br>注）信号線式ライコンNQ21505、NQ21502のツマミで消灯させる場合は、切替スイッチを「3」に設定してください。<br>注）ライトコントロールNQ21506でも調光可能ですが、消灯操作はライトコントロールの電源スイッチで行ってください。<br>注）断熱施工仕様ではありません。<br>注）LEDにはバラツキがあるため、同一品番商品でも商品ごとに発光色、明るさが異なる場合があります。<br>","NNQ35457K LD9","105000","",
"舞台演出用　天井埋込型　LED（電球色）　客席ダウンライト　美光色・中角タイプ・光源遮光角30度　調光タイプ（ライコン別売）／埋込穴φ200　セラメタ150形1灯器具相当　LED 1000形","LED（電球色）　<br>色温度：3000 K　<br>光源寿命40000時間（光束維持率85％）<br>埋込穴径：φ200 mm　<br>埋込高：217 mm<br>質量：1.6 kg<br>器具光束：7165 lm　<br>電圧：100～242 V　<br>消費電力：73.6 W　<br>消費効率：97.3 lm/W<br>【反射板（上部）】プラスチック（ホワイト）<br>【反射板（下部）】アルミ（銀色鏡面仕上）<br>調光方式：PWM（PC）<br>天井埋込型、埋込穴φ200、美光色・中角タイプ・光源遮光角30度<br>Ra95<br>【適合調光器（別売）】ライトマネージャーFx NQ28861K<br>【適合調光器（別売）】ライトマネージャーFx NQ28841K<br>【適合調光器（別売）】信号線式ライコンNQ21505<br>【適合調光器（別売）】信号線式ライコンNQ21502<br>【適合調光装置（別売）】調光ユニットパネル<br>【適合調光装置（別売）】FDUシリーズ壁据置型調光装置<br>【適合調光装置（別売）】WDUシリーズ壁付型調光装置<br>【適合調光装置（別売）】DMX-PWM信号変換器NNQ72380K<br>【適合調光装置（別売）】DMX-PWM信号変換器NNQ72340K<br>【適合調光装置（別売）】DMX-PWM信号変換器NNQ72385<br>【適合調光装置（別売）】DMX-PWM信号変換器NNQ72345<br>埋込型<br>中角タイプ<br>●天井面取付専用<br>調光範囲（0～100％）<br>注）直下近接限度30cm<br>注）適合調光器・適合調光装置と組み合わせてご使用ください。（別売）<br>注）信号線式ライコンNQ21505、NQ21502のツマミで消灯させる場合は、切替スイッチを「3」に設定してください。<br>注）ライトコントロールNQ21506でも調光可能ですが、消灯操作はライトコントロールの電源スイッチで行ってください。<br>注）断熱施工仕様ではありません。<br>注）LEDにはバラツキがあるため、同一品番商品でも商品ごとに発光色、明るさが異なる場合があります。<br>","NNQ35406K LD9","169000","",
"舞台演出用　天井埋込型　LED（電球色）　天井反射板ライト　美光色・広角タイプ・光源遮光角40度　調光タイプ（ライコン別売）／埋込穴φ205　コンパクト形蛍光灯FHT57形3灯器具相当　LED 750形","LED（電球色）　<br>色温度：3000 K　<br>光源寿命40000時間（光束維持率85％）<br>埋込穴径：φ205 mm　<br>埋込高：253 mm<br>質量：2.5 kg<br>器具光束：5750 lm　<br>電圧：100～242 V　<br>消費電力：59.1 W　<br>消費効率：97.2 lm/W<br>【反射板（上部）】プラスチック（ホワイト）<br>【反射板（下部）】アルミ（銀色鏡面仕上）<br>調光方式：PWM（PC）<br>天井埋込型、埋込穴φ205、美光色・広角タイプ・光源遮光角40度<br>Ra95<br>【適合調光器（別売）】ライトマネージャーFx NQ28861K<br>【適合調光器（別売）】ライトマネージャーFx NQ28841K<br>【適合調光器（別売）】信号線式ライコンNQ21505<br>【適合調光器（別売）】信号線式ライコンNQ21502<br>【適合調光装置（別売）】調光ユニットパネル<br>【適合調光装置（別売）】FDUシリーズ壁据置型調光装置<br>【適合調光装置（別売）】WDUシリーズ壁付型調光装置<br>【適合調光装置（別売）】DMX-PWM信号変換器NNQ72380K<br>【適合調光装置（別売）】DMX-PWM信号変換器NNQ72340K<br>【適合調光装置（別売）】DMX-PWM信号変換器NNQ72385<br>【適合調光装置（別売）】DMX-PWM信号変換器NNQ72345<br>埋込型<br>広角タイプ<br>●天井音響反射板専用<br>調光範囲（0～100％）<br>●納期および価格については、お取引先にお問い合わせください。<br>注）適合ライトコントロール・調光器と組み合わせてご使用ください。（別売）<br>注）直下近接限度30cm<br>注）断熱施工仕様ではありません。<br>注）信号線式ライコンNQ21505、NQ21502のツマミで消灯させる場合は、切替スイッチを「3」に設定してください。<br>注）ライトコントロールNQ21506でも調光可能ですが、消灯操作はライトコントロールの電源スイッチで行ってください。<br>注）器具は天井裏からの固定が必要です。<br>注）埋込穴径は、φ205～φ210まで対応可能です。<br>注）LEDにはバラツキがあるため、同一品番商品でも商品ごとに発光色、明るさが異なる場合があります。<br>","NNQ35781K LD9","","受注品",
"舞台演出用　天井埋込型　LED（電球色）　客席ダウンライト　美光色・浅型10H・拡散タイプ・光源遮光角30度　調光タイプ（ライコン別売）／埋込穴φ100　コンパクト形蛍光灯FHT32形1灯器具相当　LED 150形","LED（電球色）　<br>色温度：2700 K　<br>光源寿命40000時間（光束維持率85％）<br>埋込穴径：φ100 mm　<br>埋込高：80 mm<br>質量：0.6 kg<br>器具光束：1195 lm　<br>電圧：100～242 V　<br>消費電力：12.4 W　<br>消費効率：96.3 lm/W<br>【反射板（上部）】プラスチック（ホワイト）<br>調光方式：PWM（PC）<br>天井埋込型、埋込穴φ100、美光色・浅型10H・拡散タイプ・光源遮光角30度<br>Ra95<br>【適合調光器（別売）】ライトマネージャーFx NQ28861K<br>【適合調光器（別売）】ライトマネージャーFx NQ28841K<br>【適合調光器（別売）】信号線式ライコンNQ21505<br>【適合調光器（別売）】信号線式ライコンNQ21502<br>【適合調光装置（別売）】調光ユニットパネル<br>【適合調光装置（別売）】FDUシリーズ壁据置型調光装置<br>【適合調光装置（別売）】WDUシリーズ壁付型調光装置<br>【適合調光装置（別売）】DMX-PWM信号変換器NNQ72380K<br>【適合調光装置（別売）】DMX-PWM信号変換器NNQ72340K<br>【適合調光装置（別売）】DMX-PWM信号変換器NNQ72385<br>【適合調光装置（別売）】DMX-PWM信号変換器NNQ72345<br>【適合リニューアルプレート（別売）】埋込穴φ125用NNN80000Z<br>【適合リニューアルプレート（別売）】埋込穴φ150用NNN80003Z<br>埋込型<br>拡散タイプ<br>●天井面取付専用<br>調光範囲（0～100％）<br>注）直下近接限度30cm<br>注）適合調光器・適合調光装置と組み合わせてご使用ください。（別売）<br>注）信号線式ライコンNQ21505、NQ21502のツマミで消灯させる場合は、切替スイッチを「3」に設定してください。<br>注）ライトコントロールNQ21506でも調光可能ですが、消灯操作はライトコントロールの電源スイッチで行ってください。<br>注）施工時、埋込高さは100mm以上必要となります。<br>注）断熱施工仕様ではありません。<br>注）LEDにはバラツキがあるため、同一品番商品でも商品ごとに発光色、明るさが異なる場合があります。<br>","NNQ35493K LD9","37400","受注品",
"舞台演出用　天井埋込型　LED（電球色）　客席ダウンライト　美光色・広角タイプ・光源遮光角30度　調光タイプ（ライコン別売）／埋込穴φ200　コンパクト形蛍光灯FHT57形3灯器具相当　LED 750形","LED（電球色）　<br>色温度：2700 K　<br>光源寿命40000時間（光束維持率85％）<br>埋込穴径：φ200 mm　<br>埋込高：217 mm<br>質量：1.6 kg<br>器具光束：5690 lm　<br>電圧：100～242 V　<br>消費電力：59.1 W　<br>消費効率：96.2 lm/W<br>【反射板（上部）】プラスチック（ホワイト）<br>【反射板（下部）】アルミ（銀色鏡面仕上）<br>調光方式：PWM（PC）<br>天井埋込型、埋込穴φ200、美光色・広角タイプ・光源遮光角30度<br>Ra95<br>【適合調光器（別売）】ライトマネージャーFx NQ28861K<br>【適合調光器（別売）】ライトマネージャーFx NQ28841K<br>【適合調光器（別売）】信号線式ライコンNQ21505<br>【適合調光器（別売）】信号線式ライコンNQ21502<br>【適合調光装置（別売）】調光ユニットパネル<br>【適合調光装置（別売）】FDUシリーズ壁据置型調光装置<br>【適合調光装置（別売）】WDUシリーズ壁付型調光装置<br>【適合調光装置（別売）】DMX-PWM信号変換器NNQ72380K<br>【適合調光装置（別売）】DMX-PWM信号変換器NNQ72340K<br>【適合調光装置（別売）】DMX-PWM信号変換器NNQ72385<br>【適合調光装置（別売）】DMX-PWM信号変換器NNQ72345<br>埋込型<br>広角タイプ<br>●天井面取付専用<br>調光範囲（0～100％）<br>注）直下近接限度30cm<br>注）適合調光器・適合調光装置と組み合わせてご使用ください。（別売）<br>注）信号線式ライコンNQ21505、NQ21502のツマミで消灯させる場合は、切替スイッチを「3」に設定してください。<br>注）ライトコントロールNQ21506でも調光可能ですが、消灯操作はライトコントロールの電源スイッチで行ってください。<br>注）断熱施工仕様ではありません。<br>注）LEDにはバラツキがあるため、同一品番商品でも商品ごとに発光色、明るさが異なる場合があります。<br>","NNQ35473K LD9","135000","受注品",
"舞台演出用　天井埋込型　LED（電球色）　客席ダウンライト　美光色・中角タイプ・光源遮光角30度　調光タイプ（ライコン別売）／埋込穴φ200　コンパクト形蛍光灯FHT57形3灯器具相当　LED 750形","LED（電球色）　<br>色温度：3000 K　<br>光源寿命40000時間（光束維持率85％）<br>埋込穴径：φ200 mm　<br>埋込高：217 mm<br>質量：1.6 kg<br>器具光束：5660 lm　<br>電圧：100～242 V　<br>消費電力：59.1 W　<br>消費効率：95.7 lm/W<br>【反射板（上部）】プラスチック（ホワイト）<br>【反射板（下部）】アルミ（銀色鏡面仕上）<br>調光方式：PWM（PC）<br>天井埋込型、埋込穴φ200、美光色・中角タイプ・光源遮光角30度<br>Ra95<br>【適合調光器（別売）】ライトマネージャーFx NQ28861K<br>【適合調光器（別売）】ライトマネージャーFx NQ28841K<br>【適合調光器（別売）】信号線式ライコンNQ21505<br>【適合調光器（別売）】信号線式ライコンNQ21502<br>【適合調光装置（別売）】調光ユニットパネル<br>【適合調光装置（別売）】FDUシリーズ壁据置型調光装置<br>【適合調光装置（別売）】WDUシリーズ壁付型調光装置<br>【適合調光装置（別売）】DMX-PWM信号変換器NNQ72380K<br>【適合調光装置（別売）】DMX-PWM信号変換器NNQ72340K<br>【適合調光装置（別売）】DMX-PWM信号変換器NNQ72385<br>【適合調光装置（別売）】DMX-PWM信号変換器NNQ72345<br>埋込型<br>中角タイプ<br>●天井面取付専用<br>調光範囲（0～100％）<br>注）直下近接限度30cm<br>注）適合調光器・適合調光装置と組み合わせてご使用ください。（別売）<br>注）信号線式ライコンNQ21505、NQ21502のツマミで消灯させる場合は、切替スイッチを「3」に設定してください。<br>注）ライトコントロールNQ21506でも調光可能ですが、消灯操作はライトコントロールの電源スイッチで行ってください。<br>注）断熱施工仕様ではありません。<br>注）LEDにはバラツキがあるため、同一品番商品でも商品ごとに発光色、明るさが異なる場合があります。<br>","NNQ35476K LD9","135000","",
"舞台演出用　天井埋込型　LED（電球色）　客席ダウンライト　美光色・浅型10H・広角タイプ・光源遮光角30度　調光タイプ（ライコン別売）／埋込穴φ100　コンパクト形蛍光灯FHT42形1灯器具相当　LED 200形","LED（電球色）　<br>色温度：2700 K　<br>光源寿命40000時間（光束維持率85％）<br>埋込穴径：φ100 mm　<br>埋込高：80 mm<br>質量：0.6 kg<br>器具光束：1480 lm　<br>電圧：100～242 V　<br>消費電力：15.5 W　<br>消費効率：95.4 lm/W<br>【反射板（上部）】プラスチック（ホワイト）<br>【反射板（下部）】アルミ（銀色鏡面仕上）<br>調光方式：PWM（PC）<br>天井埋込型、埋込穴φ100、美光色・浅型10H・広角タイプ・光源遮光角30度<br>Ra95<br>【適合調光器（別売）】ライトマネージャーFx NQ28861K<br>【適合調光器（別売）】ライトマネージャーFx NQ28841K<br>【適合調光器（別売）】信号線式ライコンNQ21505<br>【適合調光器（別売）】信号線式ライコンNQ21502<br>【適合調光装置（別売）】調光ユニットパネル<br>【適合調光装置（別売）】FDUシリーズ壁据置型調光装置<br>【適合調光装置（別売）】WDUシリーズ壁付型調光装置<br>【適合調光装置（別売）】DMX-PWM信号変換器NNQ72380K<br>【適合調光装置（別売）】DMX-PWM信号変換器NNQ72340K<br>【適合調光装置（別売）】DMX-PWM信号変換器NNQ72385<br>【適合調光装置（別売）】DMX-PWM信号変換器NNQ72345<br>【適合リニューアルプレート（別売）】埋込穴φ125用NNN80000Z<br>【適合リニューアルプレート（別売）】埋込穴φ150用NNN80003Z<br>埋込型<br>広角タイプ<br>●天井面取付専用<br>調光範囲（0～100％）<br>注）直下近接限度30cm<br>注）適合調光器・適合調光装置と組み合わせてご使用ください。（別売）<br>注）信号線式ライコンNQ21505、NQ21502のツマミで消灯させる場合は、切替スイッチを「3」に設定してください。<br>注）ライトコントロールNQ21506でも調光可能ですが、消灯操作はライトコントロールの電源スイッチで行ってください。<br>注）施工時、埋込高さは100mm以上必要となります。<br>注）断熱施工仕様ではありません。<br>注）LEDにはバラツキがあるため、同一品番商品でも商品ごとに発光色、明るさが異なる場合があります。<br>","NNQ35422K LD9","51700","受注品",
"舞台演出用　天井埋込型　LED（電球色）　客席ダウンライト　美光色・中角タイプ・光源遮光角30度　調光タイプ（ライコン別売）／埋込穴φ200　セラメタ150形1灯器具相当　LED 1000形","LED（電球色）　<br>色温度：2700 K　<br>光源寿命40000時間（光束維持率85％）<br>埋込穴径：φ200 mm　<br>埋込高：217 mm<br>質量：1.6 kg<br>器具光束：7000 lm　<br>電圧：100～242 V　<br>消費電力：73.6 W　<br>消費効率：95.1 lm/W<br>【反射板（上部）】プラスチック（ホワイト）<br>【反射板（下部）】アルミ（銀色鏡面仕上）<br>調光方式：PWM（PC）<br>天井埋込型、埋込穴φ200、美光色・中角タイプ・光源遮光角30度<br>Ra95<br>【適合調光器（別売）】ライトマネージャーFx NQ28861K<br>【適合調光器（別売）】ライトマネージャーFx NQ28841K<br>【適合調光器（別売）】信号線式ライコンNQ21505<br>【適合調光器（別売）】信号線式ライコンNQ21502<br>【適合調光装置（別売）】調光ユニットパネル<br>【適合調光装置（別売）】FDUシリーズ壁据置型調光装置<br>【適合調光装置（別売）】WDUシリーズ壁付型調光装置<br>【適合調光装置（別売）】DMX-PWM信号変換器NNQ72380K<br>【適合調光装置（別売）】DMX-PWM信号変換器NNQ72340K<br>【適合調光装置（別売）】DMX-PWM信号変換器NNQ72385<br>【適合調光装置（別売）】DMX-PWM信号変換器NNQ72345<br>埋込型<br>中角タイプ<br>●天井面取付専用<br>調光範囲（0～100％）<br>注）直下近接限度30cm<br>注）適合調光器・適合調光装置と組み合わせてご使用ください。（別売）<br>注）信号線式ライコンNQ21505、NQ21502のツマミで消灯させる場合は、切替スイッチを「3」に設定してください。<br>注）ライトコントロールNQ21506でも調光可能ですが、消灯操作はライトコントロールの電源スイッチで行ってください。<br>注）断熱施工仕様ではありません。<br>注）LEDにはバラツキがあるため、同一品番商品でも商品ごとに発光色、明るさが異なる場合があります。<br>","NNQ35402K LD9","169000","受注品",
"舞台演出用　天井埋込型　LED（電球色）　天井反射板ライト　美光色・広角タイプ・光源遮光角40度　調光タイプ（ライコン別売）／埋込穴φ205　コンパクト形蛍光灯FHT42形3灯器具相当　LED 550形","LED（電球色）　<br>色温度：3000 K　<br>光源寿命40000時間（光束維持率85％）<br>埋込穴径：φ205 mm　<br>埋込高：244 mm<br>質量：2.1 kg<br>器具光束：4025 lm　<br>電圧：100～242 V　<br>消費電力：42.5 W　<br>消費効率：94.7 lm/W<br>【反射板（上部）】プラスチック（ホワイト）<br>【反射板（下部）】アルミ（銀色鏡面仕上）<br>調光方式：PWM（PC）<br>天井埋込型、埋込穴φ205、美光色・広角タイプ・光源遮光角40度<br>Ra95<br>【適合調光器（別売）】ライトマネージャーFx NQ28861K<br>【適合調光器（別売）】ライトマネージャーFx NQ28841K<br>【適合調光器（別売）】信号線式ライコンNQ21505<br>【適合調光器（別売）】信号線式ライコンNQ21502<br>【適合調光装置（別売）】調光ユニットパネル<br>【適合調光装置（別売）】FDUシリーズ壁据置型調光装置<br>【適合調光装置（別売）】WDUシリーズ壁付型調光装置<br>【適合調光装置（別売）】DMX-PWM信号変換器NNQ72380K<br>【適合調光装置（別売）】DMX-PWM信号変換器NNQ72340K<br>【適合調光装置（別売）】DMX-PWM信号変換器NNQ72385<br>【適合調光装置（別売）】DMX-PWM信号変換器NNQ72345<br>埋込型<br>広角タイプ<br>●天井音響反射板専用<br>調光範囲（0～100％）<br>●納期および価格については、お取引先にお問い合わせください。<br>注）適合ライトコントロール・調光器と組み合わせてご使用ください。（別売）<br>注）直下近接限度30cm<br>注）断熱施工仕様ではありません。<br>注）信号線式ライコンNQ21505、NQ21502のツマミで消灯させる場合は、切替スイッチを「3」に設定してください。<br>注）ライトコントロールNQ21506でも調光可能ですが、消灯操作はライトコントロールの電源スイッチで行ってください。<br>注）器具は天井裏からの固定が必要です。<br>注）埋込穴径は、φ205～φ210まで対応可能です。<br>注）LEDにはバラツキがあるため、同一品番商品でも商品ごとに発光色、明るさが異なる場合があります。<br>","NNQ35761K LD9","","受注品",
"舞台演出用　天井埋込型　LED（電球色）　客席ダウンライト　美光色・浅型10H・拡散タイプ・光源遮光角30度　調光タイプ（ライコン別売）／埋込穴φ100　コンパクト形蛍光灯FHT42形1灯器具相当　LED 200形","LED（電球色）　<br>色温度：2700 K　<br>光源寿命40000時間（光束維持率85％）<br>埋込穴径：φ100 mm　<br>埋込高：80 mm<br>質量：0.6 kg<br>器具光束：1460 lm　<br>電圧：100～242 V　<br>消費電力：15.5 W　<br>消費効率：94.1 lm/W<br>【反射板（上部）】プラスチック（ホワイト）<br>調光方式：PWM（PC）<br>天井埋込型、埋込穴φ100、美光色・浅型10H・拡散タイプ・光源遮光角30度<br>Ra95<br>【適合調光器（別売）】ライトマネージャーFx NQ28861K<br>【適合調光器（別売）】ライトマネージャーFx NQ28841K<br>【適合調光器（別売）】信号線式ライコンNQ21505<br>【適合調光器（別売）】信号線式ライコンNQ21502<br>【適合調光装置（別売）】調光ユニットパネル<br>【適合調光装置（別売）】FDUシリーズ壁据置型調光装置<br>【適合調光装置（別売）】WDUシリーズ壁付型調光装置<br>【適合調光装置（別売）】DMX-PWM信号変換器NNQ72380K<br>【適合調光装置（別売）】DMX-PWM信号変換器NNQ72340K<br>【適合調光装置（別売）】DMX-PWM信号変換器NNQ72385<br>【適合調光装置（別売）】DMX-PWM信号変換器NNQ72345<br>【適合リニューアルプレート（別売）】埋込穴φ125用NNN80000Z<br>【適合リニューアルプレート（別売）】埋込穴φ150用NNN80003Z<br>埋込型<br>拡散タイプ<br>●天井面取付専用<br>調光範囲（0～100％）<br>注）直下近接限度30cm<br>注）適合調光器・適合調光装置と組み合わせてご使用ください。（別売）<br>注）信号線式ライコンNQ21505、NQ21502のツマミで消灯させる場合は、切替スイッチを「3」に設定してください。<br>注）ライトコントロールNQ21506でも調光可能ですが、消灯操作はライトコントロールの電源スイッチで行ってください。<br>注）施工時、埋込高さは100mm以上必要となります。<br>注）断熱施工仕様ではありません。<br>注）LEDにはバラツキがあるため、同一品番商品でも商品ごとに発光色、明るさが異なる場合があります。<br>","NNQ35423K LD9","51700","受注品",
"舞台演出用　天井埋込型　LED（電球色）　客席ダウンライト　美光色・広角タイプ・光源遮光角30度　調光タイプ（ライコン別売）／埋込穴φ150　コンパクト形蛍光灯FHT42形3灯器具相当　LED 550形","LED（電球色）　<br>色温度：2700 K　<br>光源寿命40000時間（光束維持率85％）<br>埋込穴径：φ150 mm　<br>埋込高：167 mm<br>質量：1.1 kg<br>器具光束：3985 lm　<br>電圧：100～242 V　<br>消費電力：42.5 W　<br>消費効率：93.7 lm/W<br>【反射板（上部）】プラスチック（ホワイト）<br>【反射板（下部）】アルミ（銀色鏡面仕上）<br>調光方式：PWM（PC）<br>天井埋込型、埋込穴φ150、美光色・広角タイプ・光源遮光角30度<br>Ra95<br>【適合調光器（別売）】ライトマネージャーFx NQ28861K<br>【適合調光器（別売）】ライトマネージャーFx NQ28841K<br>【適合調光器（別売）】信号線式ライコンNQ21505<br>【適合調光器（別売）】信号線式ライコンNQ21502<br>【適合調光装置（別売）】調光ユニットパネル<br>【適合調光装置（別売）】FDUシリーズ壁据置型調光装置<br>【適合調光装置（別売）】WDUシリーズ壁付型調光装置<br>【適合調光装置（別売）】DMX-PWM信号変換器NNQ72380K<br>【適合調光装置（別売）】DMX-PWM信号変換器NNQ72340K<br>【適合調光装置（別売）】DMX-PWM信号変換器NNQ72385<br>【適合調光装置（別売）】DMX-PWM信号変換器NNQ72345<br>【適合リニューアルプレート（別売）】埋込穴φ175用NNN80005K<br>【適合リニューアルプレート（別売）】埋込穴φ200用NNN80006K<br>【適合リニューアルプレート（別売）】埋込穴φ250用NNN80007<br>【適合リニューアルプレート（別売）】埋込穴φ300用NNN80008<br>埋込型<br>広角タイプ<br>●天井面取付専用<br>調光範囲（0～100％）<br>注）直下近接限度30cm<br>注）適合調光器・適合調光装置と組み合わせてご使用ください。（別売）<br>注）信号線式ライコンNQ21505、NQ21502のツマミで消灯させる場合は、切替スイッチを「3」に設定してください。<br>注）ライトコントロールNQ21506でも調光可能ですが、消灯操作はライトコントロールの電源スイッチで行ってください。<br>注）断熱施工仕様ではありません。<br>注）LEDにはバラツキがあるため、同一品番商品でも商品ごとに発光色、明るさが異なる場合があります。<br>","NNQ35452K LD9","105000","受注品",
"舞台演出用　天井埋込型　LED（電球色）　客席ダウンライト　美光色・中角タイプ・光源遮光角30度　調光タイプ（ライコン別売）／埋込穴φ200　コンパクト形蛍光灯FHT57形3灯器具相当　LED 750形","LED（電球色）　<br>色温度：2700 K　<br>光源寿命40000時間（光束維持率85％）<br>埋込穴径：φ200 mm　<br>埋込高：217 mm<br>質量：1.6 kg<br>器具光束：5510 lm　<br>電圧：100～242 V　<br>消費電力：59.1 W　<br>消費効率：93.2 lm/W<br>【反射板（上部）】プラスチック（ホワイト）<br>【反射板（下部）】アルミ（銀色鏡面仕上）<br>調光方式：PWM（PC）<br>天井埋込型、埋込穴φ200、美光色・中角タイプ・光源遮光角30度<br>Ra95<br>【適合調光器（別売）】ライトマネージャーFx NQ28861K<br>【適合調光器（別売）】ライトマネージャーFx NQ28841K<br>【適合調光器（別売）】信号線式ライコンNQ21505<br>【適合調光器（別売）】信号線式ライコンNQ21502<br>【適合調光装置（別売）】調光ユニットパネル<br>【適合調光装置（別売）】FDUシリーズ壁据置型調光装置<br>【適合調光装置（別売）】WDUシリーズ壁付型調光装置<br>【適合調光装置（別売）】DMX-PWM信号変換器NNQ72380K<br>【適合調光装置（別売）】DMX-PWM信号変換器NNQ72340K<br>【適合調光装置（別売）】DMX-PWM信号変換器NNQ72385<br>【適合調光装置（別売）】DMX-PWM信号変換器NNQ72345<br>埋込型<br>中角タイプ<br>●天井面取付専用<br>調光範囲（0～100％）<br>注）直下近接限度30cm<br>注）適合調光器・適合調光装置と組み合わせてご使用ください。（別売）<br>注）信号線式ライコンNQ21505、NQ21502のツマミで消灯させる場合は、切替スイッチを「3」に設定してください。<br>注）ライトコントロールNQ21506でも調光可能ですが、消灯操作はライトコントロールの電源スイッチで行ってください。<br>注）断熱施工仕様ではありません。<br>注）LEDにはバラツキがあるため、同一品番商品でも商品ごとに発光色、明るさが異なる場合があります。<br>","NNQ35472K LD9","135000","受注品",
"舞台演出用　天井埋込型　LED（電球色）　客席ダウンライト　美光色・拡散タイプ・光源遮光角30度　調光タイプ（ライコン別売）／埋込穴φ150　コンパクト形蛍光灯FHT42形3灯器具相当　LED 550形","LED（電球色）　<br>色温度：2700 K　<br>光源寿命40000時間（光束維持率85％）<br>埋込穴径：φ150 mm　<br>埋込高：167 mm<br>質量：1.1 kg<br>器具光束：3900 lm　<br>電圧：100～242 V　<br>消費電力：42.5 W　<br>消費効率：91.7 lm/W<br>【反射板（上部）】プラスチック（ホワイト）<br>調光方式：PWM（PC）<br>天井埋込型、埋込穴φ150、美光色・拡散タイプ・光源遮光角30度<br>Ra95<br>【適合調光器（別売）】ライトマネージャーFx NQ28861K<br>【適合調光器（別売）】ライトマネージャーFx NQ28841K<br>【適合調光器（別売）】信号線式ライコンNQ21505<br>【適合調光器（別売）】信号線式ライコンNQ21502<br>【適合調光装置（別売）】調光ユニットパネル<br>【適合調光装置（別売）】FDUシリーズ壁据置型調光装置<br>【適合調光装置（別売）】WDUシリーズ壁付型調光装置<br>【適合調光装置（別売）】DMX-PWM信号変換器NNQ72380K<br>【適合調光装置（別売）】DMX-PWM信号変換器NNQ72340K<br>【適合調光装置（別売）】DMX-PWM信号変換器NNQ72385<br>【適合調光装置（別売）】DMX-PWM信号変換器NNQ72345<br>【適合リニューアルプレート（別売）】埋込穴φ175用NNN80005K<br>【適合リニューアルプレート（別売）】埋込穴φ200用NNN80006K<br>【適合リニューアルプレート（別売）】埋込穴φ250用NNN80007<br>【適合リニューアルプレート（別売）】埋込穴φ300用NNN80008<br>埋込型<br>拡散タイプ<br>●天井面取付専用<br>調光範囲（0～100％）<br>注）直下近接限度30cm<br>注）適合調光器・適合調光装置と組み合わせてご使用ください。（別売）<br>注）信号線式ライコンNQ21505、NQ21502のツマミで消灯させる場合は、切替スイッチを「3」に設定してください。<br>注）ライトコントロールNQ21506でも調光可能ですが、消灯操作はライトコントロールの電源スイッチで行ってください。<br>注）断熱施工仕様ではありません。<br>注）LEDにはバラツキがあるため、同一品番商品でも商品ごとに発光色、明るさが異なる場合があります。<br>","NNQ35453K LD9","105000","受注品",